NUTS0_code,process,month,day_type,hour,load
DE,paper,1,0,1,114.4801111
DE,paper,1,0,2,114.4801111
DE,paper,1,0,3,114.4801111
DE,paper,1,0,4,114.4801111
DE,paper,1,0,5,114.4801111
DE,paper,1,0,6,114.4801111
DE,paper,1,0,7,116.4323965
DE,paper,1,0,8,117.7635268
DE,paper,1,0,9,119.5383672
DE,paper,1,0,10,119.5383672
DE,paper,1,0,11,119.5383672
DE,paper,1,0,12,119.5383672
DE,paper,1,0,13,119.5383672
DE,paper,1,0,14,119.5383672
DE,paper,1,0,15,117.7635268
DE,paper,1,0,16,116.4323965
DE,paper,1,0,17,115.1012662
DE,paper,1,0,18,115.1012662
DE,paper,1,0,19,115.1012662
DE,paper,1,0,20,115.1012662
DE,paper,1,0,21,115.1012662
DE,paper,1,0,22,115.1012662
DE,paper,1,0,23,114.4801111
DE,paper,1,0,24,114.4801111
DE,paper,1,1,1,110.3428254
DE,paper,1,1,2,110.3428254
DE,paper,1,1,3,110.3428254
DE,paper,1,1,4,110.3428254
DE,paper,1,1,5,110.3428254
DE,paper,1,1,6,110.3428254
DE,paper,1,1,7,112.2245557
DE,paper,1,1,8,113.5075792
DE,paper,1,1,9,115.2182773
DE,paper,1,1,10,115.2182773
DE,paper,1,1,11,115.2182773
DE,paper,1,1,12,115.2182773
DE,paper,1,1,13,115.2182773
DE,paper,1,1,14,115.2182773
DE,paper,1,1,15,113.5075792
DE,paper,1,1,16,112.2245557
DE,paper,1,1,17,110.9415321
DE,paper,1,1,18,110.9415321
DE,paper,1,1,19,110.9415321
DE,paper,1,1,20,110.9415321
DE,paper,1,1,21,110.9415321
DE,paper,1,1,22,110.9415321
DE,paper,1,1,23,110.3428254
DE,paper,1,1,24,110.3428254
DE,paper,1,2,1,110.0972474
DE,paper,1,2,2,110.0972474
DE,paper,1,2,3,110.0972474
DE,paper,1,2,4,110.0972474
DE,paper,1,2,5,110.0972474
DE,paper,1,2,6,110.0972474
DE,paper,1,2,7,111.9747897
DE,paper,1,2,8,113.2549578
DE,paper,1,2,9,114.9618486
DE,paper,1,2,10,114.9618486
DE,paper,1,2,11,114.9618486
DE,paper,1,2,12,114.9618486
DE,paper,1,2,13,114.9618486
DE,paper,1,2,14,114.9618486
DE,paper,1,2,15,113.2549578
DE,paper,1,2,16,111.9747897
DE,paper,1,2,17,110.6946216
DE,paper,1,2,18,110.6946216
DE,paper,1,2,19,110.6946216
DE,paper,1,2,20,110.6946216
DE,paper,1,2,21,110.6946216
DE,paper,1,2,22,110.6946216
DE,paper,1,2,23,110.0972474
DE,paper,1,2,24,110.0972474
DE,paper,2,0,1,114.046595
DE,paper,2,0,2,114.046595
DE,paper,2,0,3,114.046595
DE,paper,2,0,4,114.046595
DE,paper,2,0,5,114.046595
DE,paper,2,0,6,114.046595
DE,paper,2,0,7,115.9914874
DE,paper,2,0,8,117.317577
DE,paper,2,0,9,119.0856964
DE,paper,2,0,10,119.0856964
DE,paper,2,0,11,119.0856964
DE,paper,2,0,12,119.0856964
DE,paper,2,0,13,119.0856964
DE,paper,2,0,14,119.0856964
DE,paper,2,0,15,117.317577
DE,paper,2,0,16,115.9914874
DE,paper,2,0,17,114.6653978
DE,paper,2,0,18,114.6653978
DE,paper,2,0,19,114.6653978
DE,paper,2,0,20,114.6653978
DE,paper,2,0,21,114.6653978
DE,paper,2,0,22,114.6653978
DE,paper,2,0,23,114.046595
DE,paper,2,0,24,114.046595
DE,paper,2,1,1,109.9249765
DE,paper,2,1,2,109.9249765
DE,paper,2,1,3,109.9249765
DE,paper,2,1,4,109.9249765
DE,paper,2,1,5,109.9249765
DE,paper,2,1,6,109.9249765
DE,paper,2,1,7,111.7995809
DE,paper,2,1,8,113.0777459
DE,paper,2,1,9,114.7819659
DE,paper,2,1,10,114.7819659
DE,paper,2,1,11,114.7819659
DE,paper,2,1,12,114.7819659
DE,paper,2,1,13,114.7819659
DE,paper,2,1,14,114.7819659
DE,paper,2,1,15,113.0777459
DE,paper,2,1,16,111.7995809
DE,paper,2,1,17,110.5214159
DE,paper,2,1,18,110.5214159
DE,paper,2,1,19,110.5214159
DE,paper,2,1,20,110.5214159
DE,paper,2,1,21,110.5214159
DE,paper,2,1,22,110.5214159
DE,paper,2,1,23,109.9249765
DE,paper,2,1,24,109.9249765
DE,paper,2,2,1,109.6803284
DE,paper,2,2,2,109.6803284
DE,paper,2,2,3,109.6803284
DE,paper,2,2,4,109.6803284
DE,paper,2,2,5,109.6803284
DE,paper,2,2,6,109.6803284
DE,paper,2,2,7,111.5507608
DE,paper,2,2,8,112.8260811
DE,paper,2,2,9,114.5265082
DE,paper,2,2,10,114.5265082
DE,paper,2,2,11,114.5265082
DE,paper,2,2,12,114.5265082
DE,paper,2,2,13,114.5265082
DE,paper,2,2,14,114.5265082
DE,paper,2,2,15,112.8260811
DE,paper,2,2,16,111.5507608
DE,paper,2,2,17,110.2754405
DE,paper,2,2,18,110.2754405
DE,paper,2,2,19,110.2754405
DE,paper,2,2,20,110.2754405
DE,paper,2,2,21,110.2754405
DE,paper,2,2,22,110.2754405
DE,paper,2,2,23,109.6803284
DE,paper,2,2,24,109.6803284
DE,paper,3,0,1,112.8988697
DE,paper,3,0,2,112.8988697
DE,paper,3,0,3,112.8988697
DE,paper,3,0,4,112.8988697
DE,paper,3,0,5,112.8988697
DE,paper,3,0,6,112.8988697
DE,paper,3,0,7,114.8241894
DE,paper,3,0,8,116.1369337
DE,paper,3,0,9,117.8872594
DE,paper,3,0,10,117.8872594
DE,paper,3,0,11,117.8872594
DE,paper,3,0,12,117.8872594
DE,paper,3,0,13,117.8872594
DE,paper,3,0,14,117.8872594
DE,paper,3,0,15,116.1369337
DE,paper,3,0,16,114.8241894
DE,paper,3,0,17,113.5114451
DE,paper,3,0,18,113.5114451
DE,paper,3,0,19,113.5114451
DE,paper,3,0,20,113.5114451
DE,paper,3,0,21,113.5114451
DE,paper,3,0,22,113.5114451
DE,paper,3,0,23,112.8988697
DE,paper,3,0,24,112.8988697
DE,paper,3,1,1,108.8187297
DE,paper,3,1,2,108.8187297
DE,paper,3,1,3,108.8187297
DE,paper,3,1,4,108.8187297
DE,paper,3,1,5,108.8187297
DE,paper,3,1,6,108.8187297
DE,paper,3,1,7,110.6744688
DE,paper,3,1,8,111.9397708
DE,paper,3,1,9,113.6268401
DE,paper,3,1,10,113.6268401
DE,paper,3,1,11,113.6268401
DE,paper,3,1,12,113.6268401
DE,paper,3,1,13,113.6268401
DE,paper,3,1,14,113.6268401
DE,paper,3,1,15,111.9397708
DE,paper,3,1,16,110.6744688
DE,paper,3,1,17,109.4091669
DE,paper,3,1,18,109.4091669
DE,paper,3,1,19,109.4091669
DE,paper,3,1,20,109.4091669
DE,paper,3,1,21,109.4091669
DE,paper,3,1,22,109.4091669
DE,paper,3,1,23,108.8187297
DE,paper,3,1,24,108.8187297
DE,paper,3,2,1,108.5765438
DE,paper,3,2,2,108.5765438
DE,paper,3,2,3,108.5765438
DE,paper,3,2,4,108.5765438
DE,paper,3,2,5,108.5765438
DE,paper,3,2,6,108.5765438
DE,paper,3,2,7,110.4281527
DE,paper,3,2,8,111.6906387
DE,paper,3,2,9,113.3739533
DE,paper,3,2,10,113.3739533
DE,paper,3,2,11,113.3739533
DE,paper,3,2,12,113.3739533
DE,paper,3,2,13,113.3739533
DE,paper,3,2,14,113.3739533
DE,paper,3,2,15,111.6906387
DE,paper,3,2,16,110.4281527
DE,paper,3,2,17,109.1656668
DE,paper,3,2,18,109.1656668
DE,paper,3,2,19,109.1656668
DE,paper,3,2,20,109.1656668
DE,paper,3,2,21,109.1656668
DE,paper,3,2,22,109.1656668
DE,paper,3,2,23,108.5765438
DE,paper,3,2,24,108.5765438
DE,paper,4,0,1,114.2184136
DE,paper,4,0,2,114.2184136
DE,paper,4,0,3,114.2184136
DE,paper,4,0,4,114.2184136
DE,paper,4,0,5,114.2184136
DE,paper,4,0,6,114.2184136
DE,paper,4,0,7,116.1662361
DE,paper,4,0,8,117.4943235
DE,paper,4,0,9,119.2651067
DE,paper,4,0,10,119.2651067
DE,paper,4,0,11,119.2651067
DE,paper,4,0,12,119.2651067
DE,paper,4,0,13,119.2651067
DE,paper,4,0,14,119.2651067
DE,paper,4,0,15,117.4943235
DE,paper,4,0,16,116.1662361
DE,paper,4,0,17,114.8381487
DE,paper,4,0,18,114.8381487
DE,paper,4,0,19,114.8381487
DE,paper,4,0,20,114.8381487
DE,paper,4,0,21,114.8381487
DE,paper,4,0,22,114.8381487
DE,paper,4,0,23,114.2184136
DE,paper,4,0,24,114.2184136
DE,paper,4,1,1,110.0905856
DE,paper,4,1,2,110.0905856
DE,paper,4,1,3,110.0905856
DE,paper,4,1,4,110.0905856
DE,paper,4,1,5,110.0905856
DE,paper,4,1,6,110.0905856
DE,paper,4,1,7,111.9680143
DE,paper,4,1,8,113.2481049
DE,paper,4,1,9,114.9548924
DE,paper,4,1,10,114.9548924
DE,paper,4,1,11,114.9548924
DE,paper,4,1,12,114.9548924
DE,paper,4,1,13,114.9548924
DE,paper,4,1,14,114.9548924
DE,paper,4,1,15,113.2481049
DE,paper,4,1,16,111.9680143
DE,paper,4,1,17,110.6879237
DE,paper,4,1,18,110.6879237
DE,paper,4,1,19,110.6879237
DE,paper,4,1,20,110.6879237
DE,paper,4,1,21,110.6879237
DE,paper,4,1,22,110.6879237
DE,paper,4,1,23,110.0905856
DE,paper,4,1,24,110.0905856
DE,paper,4,2,1,109.845569
DE,paper,4,2,2,109.845569
DE,paper,4,2,3,109.845569
DE,paper,4,2,4,109.845569
DE,paper,4,2,5,109.845569
DE,paper,4,2,6,109.845569
DE,paper,4,2,7,111.7188193
DE,paper,4,2,8,112.996061
DE,paper,4,2,9,114.6990499
DE,paper,4,2,10,114.6990499
DE,paper,4,2,11,114.6990499
DE,paper,4,2,12,114.6990499
DE,paper,4,2,13,114.6990499
DE,paper,4,2,14,114.6990499
DE,paper,4,2,15,112.996061
DE,paper,4,2,16,111.7188193
DE,paper,4,2,17,110.4415776
DE,paper,4,2,18,110.4415776
DE,paper,4,2,19,110.4415776
DE,paper,4,2,20,110.4415776
DE,paper,4,2,21,110.4415776
DE,paper,4,2,22,110.4415776
DE,paper,4,2,23,109.845569
DE,paper,4,2,24,109.845569
DE,paper,5,0,1,113.4155774
DE,paper,5,0,2,113.4155774
DE,paper,5,0,3,113.4155774
DE,paper,5,0,4,113.4155774
DE,paper,5,0,5,113.4155774
DE,paper,5,0,6,113.4155774
DE,paper,5,0,7,115.3497088
DE,paper,5,0,8,116.6684611
DE,paper,5,0,9,118.4267976
DE,paper,5,0,10,118.4267976
DE,paper,5,0,11,118.4267976
DE,paper,5,0,12,118.4267976
DE,paper,5,0,13,118.4267976
DE,paper,5,0,14,118.4267976
DE,paper,5,0,15,116.6684611
DE,paper,5,0,16,115.3497088
DE,paper,5,0,17,114.0309564
DE,paper,5,0,18,114.0309564
DE,paper,5,0,19,114.0309564
DE,paper,5,0,20,114.0309564
DE,paper,5,0,21,114.0309564
DE,paper,5,0,22,114.0309564
DE,paper,5,0,23,113.4155774
DE,paper,5,0,24,113.4155774
DE,paper,5,1,1,109.3167638
DE,paper,5,1,2,109.3167638
DE,paper,5,1,3,109.3167638
DE,paper,5,1,4,109.3167638
DE,paper,5,1,5,109.3167638
DE,paper,5,1,6,109.3167638
DE,paper,5,1,7,111.1809961
DE,paper,5,1,8,112.452089
DE,paper,5,1,9,114.1468796
DE,paper,5,1,10,114.1468796
DE,paper,5,1,11,114.1468796
DE,paper,5,1,12,114.1468796
DE,paper,5,1,13,114.1468796
DE,paper,5,1,14,114.1468796
DE,paper,5,1,15,112.452089
DE,paper,5,1,16,111.1809961
DE,paper,5,1,17,109.9099031
DE,paper,5,1,18,109.9099031
DE,paper,5,1,19,109.9099031
DE,paper,5,1,20,109.9099031
DE,paper,5,1,21,109.9099031
DE,paper,5,1,22,109.9099031
DE,paper,5,1,23,109.3167638
DE,paper,5,1,24,109.3167638
DE,paper,5,2,1,109.0734694
DE,paper,5,2,2,109.0734694
DE,paper,5,2,3,109.0734694
DE,paper,5,2,4,109.0734694
DE,paper,5,2,5,109.0734694
DE,paper,5,2,6,109.0734694
DE,paper,5,2,7,110.9335527
DE,paper,5,2,8,112.2018166
DE,paper,5,2,9,113.8928353
DE,paper,5,2,10,113.8928353
DE,paper,5,2,11,113.8928353
DE,paper,5,2,12,113.8928353
DE,paper,5,2,13,113.8928353
DE,paper,5,2,14,113.8928353
DE,paper,5,2,15,112.2018166
DE,paper,5,2,16,110.9335527
DE,paper,5,2,17,109.6652887
DE,paper,5,2,18,109.6652887
DE,paper,5,2,19,109.6652887
DE,paper,5,2,20,109.6652887
DE,paper,5,2,21,109.6652887
DE,paper,5,2,22,109.6652887
DE,paper,5,2,23,109.0734694
DE,paper,5,2,24,109.0734694
DE,paper,6,0,1,113.451958
DE,paper,6,0,2,113.451958
DE,paper,6,0,3,113.451958
DE,paper,6,0,4,113.451958
DE,paper,6,0,5,113.451958
DE,paper,6,0,6,113.451958
DE,paper,6,0,7,115.3867097
DE,paper,6,0,8,116.7058851
DE,paper,6,0,9,118.4647856
DE,paper,6,0,10,118.4647856
DE,paper,6,0,11,118.4647856
DE,paper,6,0,12,118.4647856
DE,paper,6,0,13,118.4647856
DE,paper,6,0,14,118.4647856
DE,paper,6,0,15,116.7058851
DE,paper,6,0,16,115.3867097
DE,paper,6,0,17,114.0675344
DE,paper,6,0,18,114.0675344
DE,paper,6,0,19,114.0675344
DE,paper,6,0,20,114.0675344
DE,paper,6,0,21,114.0675344
DE,paper,6,0,22,114.0675344
DE,paper,6,0,23,113.451958
DE,paper,6,0,24,113.451958
DE,paper,6,1,1,109.3518295
DE,paper,6,1,2,109.3518295
DE,paper,6,1,3,109.3518295
DE,paper,6,1,4,109.3518295
DE,paper,6,1,5,109.3518295
DE,paper,6,1,6,109.3518295
DE,paper,6,1,7,111.2166598
DE,paper,6,1,8,112.4881605
DE,paper,6,1,9,114.1834947
DE,paper,6,1,10,114.1834947
DE,paper,6,1,11,114.1834947
DE,paper,6,1,12,114.1834947
DE,paper,6,1,13,114.1834947
DE,paper,6,1,14,114.1834947
DE,paper,6,1,15,112.4881605
DE,paper,6,1,16,111.2166598
DE,paper,6,1,17,109.9451592
DE,paper,6,1,18,109.9451592
DE,paper,6,1,19,109.9451592
DE,paper,6,1,20,109.9451592
DE,paper,6,1,21,109.9451592
DE,paper,6,1,22,109.9451592
DE,paper,6,1,23,109.3518295
DE,paper,6,1,24,109.3518295
DE,paper,6,2,1,109.1084571
DE,paper,6,2,2,109.1084571
DE,paper,6,2,3,109.1084571
DE,paper,6,2,4,109.1084571
DE,paper,6,2,5,109.1084571
DE,paper,6,2,6,109.1084571
DE,paper,6,2,7,110.969137
DE,paper,6,2,8,112.2378079
DE,paper,6,2,9,113.9293689
DE,paper,6,2,10,113.9293689
DE,paper,6,2,11,113.9293689
DE,paper,6,2,12,113.9293689
DE,paper,6,2,13,113.9293689
DE,paper,6,2,14,113.9293689
DE,paper,6,2,15,112.2378079
DE,paper,6,2,16,110.969137
DE,paper,6,2,17,109.7004662
DE,paper,6,2,18,109.7004662
DE,paper,6,2,19,109.7004662
DE,paper,6,2,20,109.7004662
DE,paper,6,2,21,109.7004662
DE,paper,6,2,22,109.7004662
DE,paper,6,2,23,109.1084571
DE,paper,6,2,24,109.1084571
DE,paper,7,0,1,113.9437383
DE,paper,7,0,2,113.9437383
DE,paper,7,0,3,113.9437383
DE,paper,7,0,4,113.9437383
DE,paper,7,0,5,113.9437383
DE,paper,7,0,6,113.9437383
DE,paper,7,0,7,115.8868767
DE,paper,7,0,8,117.2117703
DE,paper,7,0,9,118.9782951
DE,paper,7,0,10,118.9782951
DE,paper,7,0,11,118.9782951
DE,paper,7,0,12,118.9782951
DE,paper,7,0,13,118.9782951
DE,paper,7,0,14,118.9782951
DE,paper,7,0,15,117.2117703
DE,paper,7,0,16,115.8868767
DE,paper,7,0,17,114.5619831
DE,paper,7,0,18,114.5619831
DE,paper,7,0,19,114.5619831
DE,paper,7,0,20,114.5619831
DE,paper,7,0,21,114.5619831
DE,paper,7,0,22,114.5619831
DE,paper,7,0,23,113.9437383
DE,paper,7,0,24,113.9437383
DE,paper,7,1,1,109.8258371
DE,paper,7,1,2,109.8258371
DE,paper,7,1,3,109.8258371
DE,paper,7,1,4,109.8258371
DE,paper,7,1,5,109.8258371
DE,paper,7,1,6,109.8258371
DE,paper,7,1,7,111.6987508
DE,paper,7,1,8,112.9757631
DE,paper,7,1,9,114.678446
DE,paper,7,1,10,114.678446
DE,paper,7,1,11,114.678446
DE,paper,7,1,12,114.678446
DE,paper,7,1,13,114.678446
DE,paper,7,1,14,114.678446
DE,paper,7,1,15,112.9757631
DE,paper,7,1,16,111.6987508
DE,paper,7,1,17,110.4217386
DE,paper,7,1,18,110.4217386
DE,paper,7,1,19,110.4217386
DE,paper,7,1,20,110.4217386
DE,paper,7,1,21,110.4217386
DE,paper,7,1,22,110.4217386
DE,paper,7,1,23,109.8258371
DE,paper,7,1,24,109.8258371
DE,paper,7,2,1,109.5814097
DE,paper,7,2,2,109.5814097
DE,paper,7,2,3,109.5814097
DE,paper,7,2,4,109.5814097
DE,paper,7,2,5,109.5814097
DE,paper,7,2,6,109.5814097
DE,paper,7,2,7,111.4501551
DE,paper,7,2,8,112.7243252
DE,paper,7,2,9,114.4232187
DE,paper,7,2,10,114.4232187
DE,paper,7,2,11,114.4232187
DE,paper,7,2,12,114.4232187
DE,paper,7,2,13,114.4232187
DE,paper,7,2,14,114.4232187
DE,paper,7,2,15,112.7243252
DE,paper,7,2,16,111.4501551
DE,paper,7,2,17,110.175985
DE,paper,7,2,18,110.175985
DE,paper,7,2,19,110.175985
DE,paper,7,2,20,110.175985
DE,paper,7,2,21,110.175985
DE,paper,7,2,22,110.175985
DE,paper,7,2,23,109.5814097
DE,paper,7,2,24,109.5814097
DE,paper,8,0,1,113.4784876
DE,paper,8,0,2,113.4784876
DE,paper,8,0,3,113.4784876
DE,paper,8,0,4,113.4784876
DE,paper,8,0,5,113.4784876
DE,paper,8,0,6,113.4784876
DE,paper,8,0,7,115.4136918
DE,paper,8,0,8,116.7331756
DE,paper,8,0,9,118.4924874
DE,paper,8,0,10,118.4924874
DE,paper,8,0,11,118.4924874
DE,paper,8,0,12,118.4924874
DE,paper,8,0,13,118.4924874
DE,paper,8,0,14,118.4924874
DE,paper,8,0,15,116.7331756
DE,paper,8,0,16,115.4136918
DE,paper,8,0,17,114.094208
DE,paper,8,0,18,114.094208
DE,paper,8,0,19,114.094208
DE,paper,8,0,20,114.094208
DE,paper,8,0,21,114.094208
DE,paper,8,0,22,114.094208
DE,paper,8,0,23,113.4784876
DE,paper,8,0,24,113.4784876
DE,paper,8,1,1,109.3774004
DE,paper,8,1,2,109.3774004
DE,paper,8,1,3,109.3774004
DE,paper,8,1,4,109.3774004
DE,paper,8,1,5,109.3774004
DE,paper,8,1,6,109.3774004
DE,paper,8,1,7,111.2426667
DE,paper,8,1,8,112.5144647
DE,paper,8,1,9,114.2101954
DE,paper,8,1,10,114.2101954
DE,paper,8,1,11,114.2101954
DE,paper,8,1,12,114.2101954
DE,paper,8,1,13,114.2101954
DE,paper,8,1,14,114.2101954
DE,paper,8,1,15,112.5144647
DE,paper,8,1,16,111.2426667
DE,paper,8,1,17,109.9708687
DE,paper,8,1,18,109.9708687
DE,paper,8,1,19,109.9708687
DE,paper,8,1,20,109.9708687
DE,paper,8,1,21,109.9708687
DE,paper,8,1,22,109.9708687
DE,paper,8,1,23,109.3774004
DE,paper,8,1,24,109.3774004
DE,paper,8,2,1,109.133971
DE,paper,8,2,2,109.133971
DE,paper,8,2,3,109.133971
DE,paper,8,2,4,109.133971
DE,paper,8,2,5,109.133971
DE,paper,8,2,6,109.133971
DE,paper,8,2,7,110.9950861
DE,paper,8,2,8,112.2640536
DE,paper,8,2,9,113.9560102
DE,paper,8,2,10,113.9560102
DE,paper,8,2,11,113.9560102
DE,paper,8,2,12,113.9560102
DE,paper,8,2,13,113.9560102
DE,paper,8,2,14,113.9560102
DE,paper,8,2,15,112.2640536
DE,paper,8,2,16,110.9950861
DE,paper,8,2,17,109.7261186
DE,paper,8,2,18,109.7261186
DE,paper,8,2,19,109.7261186
DE,paper,8,2,20,109.7261186
DE,paper,8,2,21,109.7261186
DE,paper,8,2,22,109.7261186
DE,paper,8,2,23,109.133971
DE,paper,8,2,24,109.133971
DE,paper,9,0,1,113.1543544
DE,paper,9,0,2,113.1543544
DE,paper,9,0,3,113.1543544
DE,paper,9,0,4,113.1543544
DE,paper,9,0,5,113.1543544
DE,paper,9,0,6,113.1543544
DE,paper,9,0,7,115.0840311
DE,paper,9,0,8,116.399746
DE,paper,9,0,9,118.1540326
DE,paper,9,0,10,118.1540326
DE,paper,9,0,11,118.1540326
DE,paper,9,0,12,118.1540326
DE,paper,9,0,13,118.1540326
DE,paper,9,0,14,118.1540326
DE,paper,9,0,15,116.399746
DE,paper,9,0,16,115.0840311
DE,paper,9,0,17,113.7683161
DE,paper,9,0,18,113.7683161
DE,paper,9,0,19,113.7683161
DE,paper,9,0,20,113.7683161
DE,paper,9,0,21,113.7683161
DE,paper,9,0,22,113.7683161
DE,paper,9,0,23,113.1543544
DE,paper,9,0,24,113.1543544
DE,paper,9,1,1,109.0649813
DE,paper,9,1,2,109.0649813
DE,paper,9,1,3,109.0649813
DE,paper,9,1,4,109.0649813
DE,paper,9,1,5,109.0649813
DE,paper,9,1,6,109.0649813
DE,paper,9,1,7,110.9249199
DE,paper,9,1,8,112.1930852
DE,paper,9,1,9,113.8839722
DE,paper,9,1,10,113.8839722
DE,paper,9,1,11,113.8839722
DE,paper,9,1,12,113.8839722
DE,paper,9,1,13,113.8839722
DE,paper,9,1,14,113.8839722
DE,paper,9,1,15,112.1930852
DE,paper,9,1,16,110.9249199
DE,paper,9,1,17,109.6567546
DE,paper,9,1,18,109.6567546
DE,paper,9,1,19,109.6567546
DE,paper,9,1,20,109.6567546
DE,paper,9,1,21,109.6567546
DE,paper,9,1,22,109.6567546
DE,paper,9,1,23,109.0649813
DE,paper,9,1,24,109.0649813
DE,paper,9,2,1,108.8222473
DE,paper,9,2,2,108.8222473
DE,paper,9,2,3,108.8222473
DE,paper,9,2,4,108.8222473
DE,paper,9,2,5,108.8222473
DE,paper,9,2,6,108.8222473
DE,paper,9,2,7,110.6780464
DE,paper,9,2,8,111.9433893
DE,paper,9,2,9,113.6305131
DE,paper,9,2,10,113.6305131
DE,paper,9,2,11,113.6305131
DE,paper,9,2,12,113.6305131
DE,paper,9,2,13,113.6305131
DE,paper,9,2,14,113.6305131
DE,paper,9,2,15,111.9433893
DE,paper,9,2,16,110.6780464
DE,paper,9,2,17,109.4127035
DE,paper,9,2,18,109.4127035
DE,paper,9,2,19,109.4127035
DE,paper,9,2,20,109.4127035
DE,paper,9,2,21,109.4127035
DE,paper,9,2,22,109.4127035
DE,paper,9,2,23,108.8222473
DE,paper,9,2,24,108.8222473
DE,paper,10,0,1,113.5056635
DE,paper,10,0,2,113.5056635
DE,paper,10,0,3,113.5056635
DE,paper,10,0,4,113.5056635
DE,paper,10,0,5,113.5056635
DE,paper,10,0,6,113.5056635
DE,paper,10,0,7,115.4413312
DE,paper,10,0,8,116.761131
DE,paper,10,0,9,118.5208641
DE,paper,10,0,10,118.5208641
DE,paper,10,0,11,118.5208641
DE,paper,10,0,12,118.5208641
DE,paper,10,0,13,118.5208641
DE,paper,10,0,14,118.5208641
DE,paper,10,0,15,116.761131
DE,paper,10,0,16,115.4413312
DE,paper,10,0,17,114.1215314
DE,paper,10,0,18,114.1215314
DE,paper,10,0,19,114.1215314
DE,paper,10,0,20,114.1215314
DE,paper,10,0,21,114.1215314
DE,paper,10,0,22,114.1215314
DE,paper,10,0,23,113.5056635
DE,paper,10,0,24,113.5056635
DE,paper,10,1,1,113.4527502
DE,paper,10,1,2,113.4527502
DE,paper,10,1,3,113.4527502
DE,paper,10,1,4,113.4527502
DE,paper,10,1,5,113.4527502
DE,paper,10,1,6,113.4527502
DE,paper,10,1,7,115.3875155
DE,paper,10,1,8,116.7067001
DE,paper,10,1,9,118.4656129
DE,paper,10,1,10,118.4656129
DE,paper,10,1,11,118.4656129
DE,paper,10,1,12,118.4656129
DE,paper,10,1,13,118.4656129
DE,paper,10,1,14,118.4656129
DE,paper,10,1,15,116.7067001
DE,paper,10,1,16,115.3875155
DE,paper,10,1,17,114.068331
DE,paper,10,1,18,114.068331
DE,paper,10,1,19,114.068331
DE,paper,10,1,20,114.068331
DE,paper,10,1,21,114.068331
DE,paper,10,1,22,114.068331
DE,paper,10,1,23,113.4527502
DE,paper,10,1,24,113.4527502
DE,paper,10,2,1,109.1601066
DE,paper,10,2,2,109.1601066
DE,paper,10,2,3,109.1601066
DE,paper,10,2,4,109.1601066
DE,paper,10,2,5,109.1601066
DE,paper,10,2,6,109.1601066
DE,paper,10,2,7,111.0216673
DE,paper,10,2,8,112.2909387
DE,paper,10,2,9,113.9833005
DE,paper,10,2,10,113.9833005
DE,paper,10,2,11,113.9833005
DE,paper,10,2,12,113.9833005
DE,paper,10,2,13,113.9833005
DE,paper,10,2,14,113.9833005
DE,paper,10,2,15,112.2909387
DE,paper,10,2,16,111.0216673
DE,paper,10,2,17,109.7523959
DE,paper,10,2,18,109.7523959
DE,paper,10,2,19,109.7523959
DE,paper,10,2,20,109.7523959
DE,paper,10,2,21,109.7523959
DE,paper,10,2,22,109.7523959
DE,paper,10,2,23,109.1601066
DE,paper,10,2,24,109.1601066
DE,paper,11,0,1,113.4527502
DE,paper,11,0,2,113.4527502
DE,paper,11,0,3,113.4527502
DE,paper,11,0,4,113.4527502
DE,paper,11,0,5,113.4527502
DE,paper,11,0,6,113.4527502
DE,paper,11,0,7,115.3875155
DE,paper,11,0,8,116.7067001
DE,paper,11,0,9,118.4656129
DE,paper,11,0,10,118.4656129
DE,paper,11,0,11,118.4656129
DE,paper,11,0,12,118.4656129
DE,paper,11,0,13,118.4656129
DE,paper,11,0,14,118.4656129
DE,paper,11,0,15,116.7067001
DE,paper,11,0,16,115.3875155
DE,paper,11,0,17,114.068331
DE,paper,11,0,18,114.068331
DE,paper,11,0,19,114.068331
DE,paper,11,0,20,114.068331
DE,paper,11,0,21,114.068331
DE,paper,11,0,22,114.068331
DE,paper,11,0,23,113.4527502
DE,paper,11,0,24,113.4527502
DE,paper,11,1,1,109.3525932
DE,paper,11,1,2,109.3525932
DE,paper,11,1,3,109.3525932
DE,paper,11,1,4,109.3525932
DE,paper,11,1,5,109.3525932
DE,paper,11,1,6,109.3525932
DE,paper,11,1,7,111.2174365
DE,paper,11,1,8,112.488946
DE,paper,11,1,9,114.1842921
DE,paper,11,1,10,114.1842921
DE,paper,11,1,11,114.1842921
DE,paper,11,1,12,114.1842921
DE,paper,11,1,13,114.1842921
DE,paper,11,1,14,114.1842921
DE,paper,11,1,15,112.488946
DE,paper,11,1,16,111.2174365
DE,paper,11,1,17,109.9459269
DE,paper,11,1,18,109.9459269
DE,paper,11,1,19,109.9459269
DE,paper,11,1,20,109.9459269
DE,paper,11,1,21,109.9459269
DE,paper,11,1,22,109.9459269
DE,paper,11,1,23,109.3525932
DE,paper,11,1,24,109.3525932
DE,paper,11,2,1,109.109219
DE,paper,11,2,2,109.109219
DE,paper,11,2,3,109.109219
DE,paper,11,2,4,109.109219
DE,paper,11,2,5,109.109219
DE,paper,11,2,6,109.109219
DE,paper,11,2,7,110.969912
DE,paper,11,2,8,112.2385916
DE,paper,11,2,9,113.9301645
DE,paper,11,2,10,113.9301645
DE,paper,11,2,11,113.9301645
DE,paper,11,2,12,113.9301645
DE,paper,11,2,13,113.9301645
DE,paper,11,2,14,113.9301645
DE,paper,11,2,15,112.2385916
DE,paper,11,2,16,110.969912
DE,paper,11,2,17,109.7012323
DE,paper,11,2,18,109.7012323
DE,paper,11,2,19,109.7012323
DE,paper,11,2,20,109.7012323
DE,paper,11,2,21,109.7012323
DE,paper,11,2,22,109.7012323
DE,paper,11,2,23,109.109219
DE,paper,11,2,24,109.109219
DE,paper,12,0,1,113.5933933
DE,paper,12,0,2,113.5933933
DE,paper,12,0,3,113.5933933
DE,paper,12,0,4,113.5933933
DE,paper,12,0,5,113.5933933
DE,paper,12,0,6,113.5933933
DE,paper,12,0,7,115.5305571
DE,paper,12,0,8,116.851377
DE,paper,12,0,9,118.6124702
DE,paper,12,0,10,118.6124702
DE,paper,12,0,11,118.6124702
DE,paper,12,0,12,118.6124702
DE,paper,12,0,13,118.6124702
DE,paper,12,0,14,118.6124702
DE,paper,12,0,15,116.851377
DE,paper,12,0,16,115.5305571
DE,paper,12,0,17,114.2097372
DE,paper,12,0,18,114.2097372
DE,paper,12,0,19,114.2097372
DE,paper,12,0,20,114.2097372
DE,paper,12,0,21,114.2097372
DE,paper,12,0,22,114.2097372
DE,paper,12,0,23,113.5933933
DE,paper,12,0,24,113.5933933
DE,paper,12,1,1,109.4881534
DE,paper,12,1,2,109.4881534
DE,paper,12,1,3,109.4881534
DE,paper,12,1,4,109.4881534
DE,paper,12,1,5,109.4881534
DE,paper,12,1,6,109.4881534
DE,paper,12,1,7,111.3553085
DE,paper,12,1,8,112.6283943
DE,paper,12,1,9,114.325842
DE,paper,12,1,10,114.325842
DE,paper,12,1,11,114.325842
DE,paper,12,1,12,114.325842
DE,paper,12,1,13,114.325842
DE,paper,12,1,14,114.325842
DE,paper,12,1,15,112.6283943
DE,paper,12,1,16,111.3553085
DE,paper,12,1,17,110.0822228
DE,paper,12,1,18,110.0822228
DE,paper,12,1,19,110.0822228
DE,paper,12,1,20,110.0822228
DE,paper,12,1,21,110.0822228
DE,paper,12,1,22,110.0822228
DE,paper,12,1,23,109.4881534
DE,paper,12,1,24,109.4881534
DE,paper,12,2,1,109.2444776
DE,paper,12,2,2,109.2444776
DE,paper,12,2,3,109.2444776
DE,paper,12,2,4,109.2444776
DE,paper,12,2,5,109.2444776
DE,paper,12,2,6,109.2444776
DE,paper,12,2,7,111.1074772
DE,paper,12,2,8,112.3777296
DE,paper,12,2,9,114.0713995
DE,paper,12,2,10,114.0713995
DE,paper,12,2,11,114.0713995
DE,paper,12,2,12,114.0713995
DE,paper,12,2,13,114.0713995
DE,paper,12,2,14,114.0713995
DE,paper,12,2,15,112.3777296
DE,paper,12,2,16,111.1074772
DE,paper,12,2,17,109.8372248
DE,paper,12,2,18,109.8372248
DE,paper,12,2,19,109.8372248
DE,paper,12,2,20,109.8372248
DE,paper,12,2,21,109.8372248
DE,paper,12,2,22,109.8372248
DE,paper,12,2,23,109.2444776
DE,paper,12,2,24,109.2444776
