,carrier,p_nom,bus,yearcommissioned,retrofit,year_removed
DE0 1 ror,ror,146.0,DE0 1,1978.0,1978.0,2078.0
DE0 1 ror,ror,46.7,DE0 1,2010.0,2010.0,2110.0
DE0 2 ror,ror,12.0,DE0 2,1981.0,1981.0,2081.0
DE0 A ror,ror,14.0,DE0 A,1938.0,1938.0,2038.0
DE0 2 ror,ror,12.2,DE0 2,1980.0,1980.0,2080.0
DE0 B ror,ror,12.1,DE0 B,1985.0,1985.0,2085.0
DE0 2 ror,ror,10.9,DE0 2,1956.0,1956.0,2056.0
DE0 1 ror,ror,65.0,DE0 1,1918.0,1926.0,2026.0
DE0 2 ror,ror,35.1,DE0 2,1960.0,1960.0,2060.0
DE0 2 ror,ror,23.2,DE0 2,1955.0,1955.0,2055.0
DE0 2 ror,ror,23.3,DE0 2,1992.0,1992.0,2092.0
DE0 2 ror,ror,10.1,DE0 2,1966.0,1966.0,2066.0
DE0 2 ror,ror,25.0,DE0 2,1930.0,1930.0,2030.0
DE0 2 ror,ror,12.4,DE0 2,1983.0,1983.0,2083.0
DE0 B ror,ror,13.6,DE0 B,1964.0,1964.0,2064.0
DE0 B ror,ror,20.0,DE0 B,1965.0,1965.0,2065.0
DE0 1 ror,ror,14.2,DE0 1,1924.0,1924.0,2024.0
DE0 2 ror,ror,21.5,DE0 2,1994.0,1994.0,2094.0
DE0 2 ror,ror,24.1,DE0 2,1938.0,1938.0,2038.0
DE0 2 ror,ror,25.0,DE0 2,1938.0,1938.0,2038.0
DE0 B ror,ror,18.8,DE0 B,1962.0,1962.0,2062.0
DE0 2 ror,ror,85.3,DE0 2,1924.0,1924.0,2024.0
DE0 2 ror,ror,92.0,DE0 2,1960.0,1983.0,2083.0
DE0 B ror,ror,20.0,DE0 B,1962.0,1962.0,2062.0
DE0 2 ror,ror,53.7,DE0 2,1927.0,1927.0,2027.0
DE0 2 ror,ror,132.059,DE0 2,1955.0,1955.0,2055.0
DE0 2 ror,ror,19.8,DE0 2,1971.0,1971.0,2071.0
DE0 2 ror,ror,12.6,DE0 2,1984.0,1984.0,2084.0
DE0 B ror,ror,16.0,DE0 B,1951.0,1951.0,2051.0
DE0 2 ror,ror,16.7,DE0 2,1975.0,1975.0,2075.0
DE0 2 ror,ror,11.3,DE0 2,1922.0,1922.0,2022.0
DE0 2 ror,ror,19.4,DE0 2,1977.0,1977.0,2077.0
DE0 2 ror,ror,86.4,DE0 2,1965.0,1965.0,2065.0
DE0 2 ror,ror,12.1,DE0 2,1984.0,1984.0,2084.0
DE0 2 ror,ror,19.2,DE0 2,1971.0,1971.0,2071.0
DE0 2 ror,ror,12.6,DE0 2,1994.0,1994.0,2094.0
DE0 2 ror,ror,22.3,DE0 2,1929.0,1929.0,2029.0
DE0 9 ror,ror,16.4,DE0 9,1965.0,1965.0,2065.0
DE0 2 ror,ror,12.0,DE0 2,1978.0,1978.0,2078.0
DE0 2 ror,ror,11.9,DE0 2,1954.0,1954.0,2054.0
DE0 2 ror,ror,11.2,DE0 2,1924.0,1924.0,2024.0
DE0 2 ror,ror,12.8,DE0 2,1955.0,1955.0,2055.0
DE0 2 ror,ror,16.2,DE0 2,1951.0,1951.0,2051.0
DE0 B ror,ror,16.4,DE0 B,1966.0,1966.0,2066.0
DE0 1 ror,ror,50.0,DE0 1,1953.0,1953.0,2053.0
DE0 2 ror,ror,10.3,DE0 2,1967.0,1967.0,2067.0
DE0 2 ror,ror,12.6,DE0 2,1988.0,1988.0,2088.0
DE0 2 ror,ror,10.1,DE0 2,1965.0,1965.0,2065.0
DE0 B ror,ror,16.4,DE0 B,1963.0,1963.0,2063.0
DE0 2 ror,ror,38.2,DE0 2,1970.0,1970.0,2070.0
DE0 1 ror,ror,11.0,DE0 1,1927.0,1927.0,2027.0
DE0 B ror,ror,24.0,DE0 B,1962.0,1962.0,2062.0
DE0 2 ror,ror,15.0,DE0 2,1957.0,1957.0,2057.0
DE0 2 ror,ror,16.6,DE0 2,1960.0,1960.0,2060.0
DE0 2 ror,ror,124.4,DE0 2,1944.0,1944.0,2044.0
DE0 2 ror,ror,26.0,DE0 2,1925.0,1925.0,2025.0
DE0 2 ror,ror,9.7,DE0 2,1952.0,1952.0,2052.0
DE0 B ror,ror,18.4,DE0 B,1966.0,1966.0,2066.0
DE0 2 ror,ror,23.7,DE0 2,1970.0,1970.0,2070.0
DE0 2 ror,ror,18.9,DE0 2,1968.0,1968.0,2068.0
DE0 A ror,ror,15.0,DE0 A,1965.0,1965.0,2065.0
DE0 2 ror,ror,20.2,DE0 2,1969.0,1969.0,2069.0
DE0 1 ror,ror,80.62,DE0 1,1934.0,1934.0,2034.0
DE0 4 ror,ror,17.8,DE0 4,1951.0,1951.0,2051.0
DE0 2 ror,ror,45.0,DE0 2,1922.0,1922.0,2022.0
DE0 2 ror,ror,27.0,DE0 2,1924.0,1924.0,2024.0
DE0 2 ror,ror,10.0,DE0 2,1982.0,1982.0,2082.0
DE0 2 ror,ror,14.8,DE0 2,1957.0,1957.0,2057.0
DE0 2 ror,ror,25.0,DE0 2,1938.0,1938.0,2038.0
DE0 2 ror,ror,25.0,DE0 2,1985.0,1985.0,2085.0
DE0 1 ror,ror,0.132,DE0 1,1957.0,1957.0,2057.0
DE0 7 ror,ror,0.099,DE0 7,1957.0,1957.0,2057.0
DE0 G ror,ror,0.5,DE0 G,1957.0,1957.0,2057.0
DE0 D ror,ror,0.413,DE0 D,1957.0,1957.0,2057.0
DE0 2 ror,ror,2.6,DE0 2,1957.0,1957.0,2057.0
DE0 2 ror,ror,0.145,DE0 2,1957.0,1957.0,2057.0
DE0 2 ror,ror,0.24,DE0 2,1957.0,1957.0,2057.0
DE0 A ror,ror,5.4,DE0 A,1957.0,1957.0,2057.0
DE0 D ror,ror,0.18,DE0 D,1957.0,1957.0,2057.0
DE0 1 ror,ror,0.09,DE0 1,1957.0,1957.0,2057.0
DE0 1 ror,ror,0.82,DE0 1,1957.0,1957.0,2057.0
DE0 1 ror,ror,0.08,DE0 1,1957.0,1957.0,2057.0
DE0 2 ror,ror,0.075,DE0 2,1957.0,1957.0,2057.0
DE0 1 ror,ror,22.0,DE0 1,1957.0,1957.0,2057.0
DE0 2 ror,ror,2.4,DE0 2,1957.0,1957.0,2057.0
DE0 D ror,ror,1.785,DE0 D,1957.0,1957.0,2057.0
DE0 A ror,ror,0.16,DE0 A,1957.0,1957.0,2057.0
DE0 2 ror,ror,1.1,DE0 2,1957.0,1957.0,2057.0
DE0 9 ror,ror,4.515,DE0 9,1957.0,1957.0,2057.0
DE0 7 ror,ror,0.511,DE0 7,1957.0,1957.0,2057.0
DE0 2 ror,ror,0.0375,DE0 2,1957.0,1957.0,2057.0
DE0 9 ror,ror,4.86,DE0 9,1957.0,1957.0,2057.0
DE0 A ror,ror,1.45,DE0 A,1957.0,1957.0,2057.0
DE0 A ror,ror,0.225,DE0 A,1957.0,1957.0,2057.0
DE0 1 ror,ror,0.8,DE0 1,1957.0,1957.0,2057.0
DE0 2 ror,ror,0.148,DE0 2,1957.0,1957.0,2057.0
DE0 1 ror,ror,0.084,DE0 1,1957.0,1957.0,2057.0
DE0 1 ror,ror,0.6,DE0 1,1957.0,1957.0,2057.0
DE0 9 ror,ror,0.1,DE0 9,1957.0,1957.0,2057.0
DE0 2 ror,ror,0.66,DE0 2,1957.0,1957.0,2057.0
DE0 1 ror,ror,0.3,DE0 1,1957.0,1957.0,2057.0
DE0 A ror,ror,0.4,DE0 A,1957.0,1957.0,2057.0
DE0 A ror,ror,0.352,DE0 A,1957.0,1957.0,2057.0
DE0 1 ror,ror,0.97,DE0 1,1957.0,1957.0,2057.0
DE0 2 ror,ror,0.18,DE0 2,1957.0,1957.0,2057.0
DE0 2 ror,ror,0.55,DE0 2,1957.0,1957.0,2057.0
DE0 2 ror,ror,0.35,DE0 2,1957.0,1957.0,2057.0
DE0 A ror,ror,1.504,DE0 A,1957.0,1957.0,2057.0
DE0 D ror,ror,0.505,DE0 D,1957.0,1957.0,2057.0
DE0 1 ror,ror,1.0,DE0 1,1957.0,1957.0,2057.0
DE0 1 ror,ror,0.19,DE0 1,1957.0,1957.0,2057.0
DE0 G ror,ror,0.88,DE0 G,1957.0,1957.0,2057.0
DE0 2 ror,ror,36.5,DE0 2,1942.0,1942.0,2042.0
DE0 2 ror,ror,36.6,DE0 2,1982.0,1982.0,2082.0
DE0 1 ror,ror,19.0,DE0 1,1942.0,1942.0,2042.0
DE0 2 ror,ror,10.5,DE0 2,1959.0,1959.0,2059.0
DE0 9 ror,ror,29.9,DE0 9,2011.0,2011.0,2111.0
DE0 2 ror,ror,130.3,DE0 2,1952.0,1958.0,2058.0
DE0 2 ror,ror,0.5,DE0 2,1957.0,1957.0,2057.0
DE0 2 ror,ror,6.05,DE0 2,1957.0,1957.0,2057.0
DE0 1 ror,ror,0.13,DE0 1,1957.0,1957.0,2057.0
DE0 D ror,ror,0.6459999999999999,DE0 D,1957.0,1957.0,2057.0
DE0 9 ror,ror,0.75,DE0 9,1957.0,1957.0,2057.0
DE0 2 ror,ror,1.79,DE0 2,1957.0,1957.0,2057.0
DE0 D ror,ror,0.6,DE0 D,1957.0,1957.0,2057.0
DE0 7 ror,ror,0.037,DE0 7,1957.0,1957.0,2057.0
DE0 1 ror,ror,0.055,DE0 1,1957.0,1957.0,2057.0
DE0 D ror,ror,1.05,DE0 D,1957.0,1957.0,2057.0
DE0 1 ror,ror,0.5,DE0 1,1957.0,1957.0,2057.0
DE0 2 ror,ror,1.08,DE0 2,1957.0,1957.0,2057.0
DE0 2 ror,ror,0.672,DE0 2,1957.0,1957.0,2057.0
DE0 D ror,ror,0.88,DE0 D,1957.0,1957.0,2057.0
DE0 A ror,ror,0.6,DE0 A,1957.0,1957.0,2057.0
DE0 1 ror,ror,0.044,DE0 1,1957.0,1957.0,2057.0
DE0 B ror,ror,0.42,DE0 B,1957.0,1957.0,2057.0
DE0 2 ror,ror,2.6,DE0 2,1957.0,1957.0,2057.0
DE0 1 ror,ror,0.15,DE0 1,1957.0,1957.0,2057.0
DE0 2 ror,ror,0.28,DE0 2,1957.0,1957.0,2057.0
DE0 B ror,ror,1.7280000000000002,DE0 B,1957.0,1957.0,2057.0
DE0 2 ror,ror,0.285,DE0 2,1957.0,1957.0,2057.0
DE0 D ror,ror,0.56,DE0 D,1957.0,1957.0,2057.0
DE0 1 ror,ror,0.992,DE0 1,1957.0,1957.0,2057.0
DE0 A ror,ror,0.8,DE0 A,1957.0,1957.0,2057.0
DE0 2 ror,ror,0.55,DE0 2,1957.0,1957.0,2057.0
DE0 2 ror,ror,0.12,DE0 2,1957.0,1957.0,2057.0
DE0 1 ror,ror,0.465,DE0 1,1957.0,1957.0,2057.0
DE0 1 ror,ror,0.08,DE0 1,1957.0,1957.0,2057.0
DE0 2 ror,ror,2.5,DE0 2,1957.0,1957.0,2057.0
DE0 1 ror,ror,0.064,DE0 1,1957.0,1957.0,2057.0
DE0 1 ror,ror,1.152,DE0 1,1957.0,1957.0,2057.0
DE0 1 ror,ror,0.107,DE0 1,1957.0,1957.0,2057.0
DE0 2 ror,ror,0.132,DE0 2,1957.0,1957.0,2057.0
DE0 2 ror,ror,1.155,DE0 2,1957.0,1957.0,2057.0
DE0 2 ror,ror,0.16,DE0 2,1957.0,1957.0,2057.0
DE0 B ror,ror,1.7280000000000002,DE0 B,1957.0,1957.0,2057.0
DE0 1 ror,ror,0.452,DE0 1,1957.0,1957.0,2057.0
DE0 2 ror,ror,4.42,DE0 2,1957.0,1957.0,2057.0
DE0 1 ror,ror,0.35,DE0 1,1957.0,1957.0,2057.0
DE0 1 ror,ror,0.13,DE0 1,1957.0,1957.0,2057.0
DE0 2 ror,ror,0.72,DE0 2,1957.0,1957.0,2057.0
DE0 2 ror,ror,0.205,DE0 2,1957.0,1957.0,2057.0
DE0 B ror,ror,0.8,DE0 B,1957.0,1957.0,2057.0
DE0 2 ror,ror,0.39,DE0 2,1957.0,1957.0,2057.0
DE0 9 ror,ror,0.43,DE0 9,1957.0,1957.0,2057.0
DE0 B ror,ror,0.06,DE0 B,1957.0,1957.0,2057.0
DE0 2 ror,ror,0.637,DE0 2,1957.0,1957.0,2057.0
DE0 G ror,ror,0.42,DE0 G,1957.0,1957.0,2057.0
DE0 1 ror,ror,0.2,DE0 1,1957.0,1957.0,2057.0
DE0 A ror,ror,0.11,DE0 A,1957.0,1957.0,2057.0
DE0 2 ror,ror,0.05,DE0 2,1957.0,1957.0,2057.0
DE0 D ror,ror,0.72,DE0 D,1957.0,1957.0,2057.0
DE0 A ror,ror,1.4,DE0 A,1957.0,1957.0,2057.0
DE0 2 ror,ror,0.196,DE0 2,1957.0,1957.0,2057.0
DE0 2 ror,ror,0.09,DE0 2,1957.0,1957.0,2057.0
DE0 2 ror,ror,2.4,DE0 2,1957.0,1957.0,2057.0
DE0 2 ror,ror,3.35,DE0 2,1957.0,1957.0,2057.0
DE0 1 ror,ror,0.279,DE0 1,1957.0,1957.0,2057.0
DE0 1 ror,ror,3.05,DE0 1,1957.0,1957.0,2057.0
DE0 2 ror,ror,26.1,DE0 2,1951.0,1951.0,2051.0
DE0 2 ror,ror,30.0,DE0 2,1992.0,1992.0,2092.0
DE0 1 ror,ror,30.0,DE0 1,1930.0,1984.0,2084.0
DE0 2 ror,ror,18.0,DE0 2,1951.0,1951.0,2051.0
DE0 B ror,ror,0.12,DE0 B,1957.0,1957.0,2057.0
DE0 E ror,ror,0.032,DE0 E,1957.0,1957.0,2057.0
DE0 2 ror,ror,0.08,DE0 2,1957.0,1957.0,2057.0
DE0 1 ror,ror,0.1195,DE0 1,1957.0,1957.0,2057.0
DE0 2 ror,ror,0.108,DE0 2,1957.0,1957.0,2057.0
DE0 1 ror,ror,0.09,DE0 1,1957.0,1957.0,2057.0
DE0 1 ror,ror,0.075,DE0 1,1957.0,1957.0,2057.0
DE0 1 ror,ror,0.037,DE0 1,1957.0,1957.0,2057.0
DE0 2 ror,ror,0.04636,DE0 2,1957.0,1957.0,2057.0
DE0 2 ror,ror,0.06,DE0 2,1957.0,1957.0,2057.0
DE0 2 ror,ror,0.04864,DE0 2,1957.0,1957.0,2057.0
DE0 2 ror,ror,0.145,DE0 2,1957.0,1957.0,2057.0
DE0 1 ror,ror,0.4,DE0 1,1957.0,1957.0,2057.0
DE0 1 ror,ror,0.036,DE0 1,1957.0,1957.0,2057.0
DE0 1 ror,ror,0.25,DE0 1,1957.0,1957.0,2057.0
DE0 A ror,ror,0.075,DE0 A,1957.0,1957.0,2057.0
DE0 7 ror,ror,0.037,DE0 7,1957.0,1957.0,2057.0
DE0 1 ror,ror,0.063,DE0 1,1957.0,1957.0,2057.0
DE0 2 ror,ror,0.068,DE0 2,1957.0,1957.0,2057.0
DE0 2 ror,ror,0.1,DE0 2,1957.0,1957.0,2057.0
DE0 2 ror,ror,1.402,DE0 2,1957.0,1957.0,2057.0
DE0 1 ror,ror,0.63,DE0 1,1957.0,1957.0,2057.0
DE0 2 ror,ror,0.4350000000000001,DE0 2,1957.0,1957.0,2057.0
DE0 2 ror,ror,0.2,DE0 2,1957.0,1957.0,2057.0
DE0 2 ror,ror,0.061,DE0 2,1957.0,1957.0,2057.0
DE0 D ror,ror,0.35,DE0 D,1957.0,1957.0,2057.0
DE0 2 ror,ror,0.39,DE0 2,1957.0,1957.0,2057.0
DE0 2 ror,ror,0.355,DE0 2,1957.0,1957.0,2057.0
DE0 D ror,ror,0.45,DE0 D,1957.0,1957.0,2057.0
DE0 D ror,ror,0.04854,DE0 D,1957.0,1957.0,2057.0
DE0 2 ror,ror,0.05,DE0 2,1957.0,1957.0,2057.0
DE0 2 ror,ror,0.075,DE0 2,1957.0,1957.0,2057.0
DE0 1 ror,ror,0.055,DE0 1,1957.0,1957.0,2057.0
DE0 D ror,ror,0.6459999999999999,DE0 D,1957.0,1957.0,2057.0
DE0 1 ror,ror,0.075,DE0 1,1957.0,1957.0,2057.0
DE0 A ror,ror,59.99999999999999,DE0 A,1957.0,1957.0,2057.0
DE0 1 ror,ror,0.212,DE0 1,1957.0,1957.0,2057.0
DE0 1 ror,ror,0.035,DE0 1,1957.0,1957.0,2057.0
DE0 2 ror,ror,0.165,DE0 2,1957.0,1957.0,2057.0
DE0 8 ror,ror,0.17,DE0 8,1957.0,1957.0,2057.0
DE0 A ror,ror,1.04,DE0 A,1957.0,1957.0,2057.0
DE0 A ror,ror,5.8500000000000005,DE0 A,1957.0,1957.0,2057.0
DE0 E ror,ror,0.22,DE0 E,1957.0,1957.0,2057.0
DE0 7 ror,ror,0.16,DE0 7,1957.0,1957.0,2057.0
DE0 D ror,ror,0.53,DE0 D,1957.0,1957.0,2057.0
DE0 1 ror,ror,0.482,DE0 1,1957.0,1957.0,2057.0
DE0 D ror,ror,0.516,DE0 D,1957.0,1957.0,2057.0
DE0 A ror,ror,0.09,DE0 A,1957.0,1957.0,2057.0
DE0 2 ror,ror,0.05,DE0 2,1957.0,1957.0,2057.0
DE0 2 ror,ror,0.105,DE0 2,1957.0,1957.0,2057.0
DE0 2 ror,ror,0.286,DE0 2,1957.0,1957.0,2057.0
DE0 2 ror,ror,0.4,DE0 2,1957.0,1957.0,2057.0
DE0 1 ror,ror,0.032,DE0 1,1957.0,1957.0,2057.0
DE0 1 ror,ror,0.085,DE0 1,1957.0,1957.0,2057.0
DE0 A ror,ror,0.33,DE0 A,1957.0,1957.0,2057.0
DE0 A ror,ror,0.24,DE0 A,1957.0,1957.0,2057.0
DE0 A ror,ror,0.06,DE0 A,1957.0,1957.0,2057.0
DE0 A ror,ror,0.075,DE0 A,1957.0,1957.0,2057.0
DE0 1 ror,ror,0.055,DE0 1,1957.0,1957.0,2057.0
DE0 G ror,ror,0.11,DE0 G,1957.0,1957.0,2057.0
DE0 2 ror,ror,0.108,DE0 2,1957.0,1957.0,2057.0
DE0 2 ror,ror,0.0575,DE0 2,1957.0,1957.0,2057.0
DE0 G ror,ror,1.6,DE0 G,1957.0,1957.0,2057.0
DE0 G ror,ror,0.3,DE0 G,1957.0,1957.0,2057.0
DE0 B ror,ror,0.05,DE0 B,1957.0,1957.0,2057.0
DE0 G ror,ror,0.055,DE0 G,1957.0,1957.0,2057.0
DE0 1 ror,ror,0.25,DE0 1,1957.0,1957.0,2057.0
DE0 7 ror,ror,0.036,DE0 7,1957.0,1957.0,2057.0
DE0 9 ror,ror,0.224,DE0 9,1957.0,1957.0,2057.0
DE0 9 ror,ror,0.24,DE0 9,1957.0,1957.0,2057.0
DE0 2 ror,ror,0.39,DE0 2,1957.0,1957.0,2057.0
DE0 2 ror,ror,0.075,DE0 2,1957.0,1957.0,2057.0
DE0 D ror,ror,0.1,DE0 D,1957.0,1957.0,2057.0
DE0 2 ror,ror,0.05,DE0 2,1957.0,1957.0,2057.0
DE0 7 ror,ror,0.35,DE0 7,1957.0,1957.0,2057.0
DE0 7 ror,ror,0.105,DE0 7,1957.0,1957.0,2057.0
DE0 2 ror,ror,0.075,DE0 2,1957.0,1957.0,2057.0
DE0 1 ror,ror,0.32,DE0 1,1957.0,1957.0,2057.0
DE0 2 ror,ror,0.08,DE0 2,1957.0,1957.0,2057.0
DE0 2 ror,ror,0.145,DE0 2,1957.0,1957.0,2057.0
DE0 2 ror,ror,0.095,DE0 2,1957.0,1957.0,2057.0
DE0 2 ror,ror,0.1,DE0 2,1957.0,1957.0,2057.0
DE0 A ror,ror,0.48,DE0 A,1957.0,1957.0,2057.0
DE0 D ror,ror,0.18,DE0 D,1957.0,1957.0,2057.0
DE0 1 ror,ror,0.072,DE0 1,1957.0,1957.0,2057.0
DE0 1 ror,ror,0.08,DE0 1,1957.0,1957.0,2057.0
DE0 2 ror,ror,0.0485,DE0 2,1957.0,1957.0,2057.0
DE0 2 ror,ror,0.26,DE0 2,1957.0,1957.0,2057.0
DE0 1 ror,ror,0.18,DE0 1,1957.0,1957.0,2057.0
DE0 2 ror,ror,0.07,DE0 2,1957.0,1957.0,2057.0
DE0 D ror,ror,0.755,DE0 D,1957.0,1957.0,2057.0
DE0 1 ror,ror,0.37,DE0 1,1957.0,1957.0,2057.0
DE0 2 ror,ror,0.8800000000000001,DE0 2,1957.0,1957.0,2057.0
DE0 2 ror,ror,0.05,DE0 2,1957.0,1957.0,2057.0
DE0 2 ror,ror,0.15,DE0 2,1957.0,1957.0,2057.0
DE0 2 ror,ror,0.09,DE0 2,1957.0,1957.0,2057.0
DE0 1 ror,ror,0.075,DE0 1,1957.0,1957.0,2057.0
DE0 7 ror,ror,0.97,DE0 7,1957.0,1957.0,2057.0
DE0 8 ror,ror,0.145,DE0 8,1957.0,1957.0,2057.0
DE0 1 ror,ror,0.075,DE0 1,1957.0,1957.0,2057.0
DE0 D ror,ror,0.617,DE0 D,1957.0,1957.0,2057.0
DE0 D ror,ror,0.155,DE0 D,1957.0,1957.0,2057.0
DE0 2 ror,ror,0.1,DE0 2,1957.0,1957.0,2057.0
DE0 D ror,ror,0.25,DE0 D,1957.0,1957.0,2057.0
DE0 E ror,ror,0.34,DE0 E,1957.0,1957.0,2057.0
DE0 2 ror,ror,0.037,DE0 2,1957.0,1957.0,2057.0
DE0 2 ror,ror,0.08,DE0 2,1957.0,1957.0,2057.0
DE0 2 ror,ror,0.055,DE0 2,1957.0,1957.0,2057.0
DE0 F ror,ror,0.11,DE0 F,1957.0,1957.0,2057.0
DE0 1 ror,ror,0.145,DE0 1,1957.0,1957.0,2057.0
DE0 D ror,ror,0.6,DE0 D,1957.0,1957.0,2057.0
DE0 2 ror,ror,0.15,DE0 2,1957.0,1957.0,2057.0
DE0 1 ror,ror,0.08,DE0 1,1957.0,1957.0,2057.0
DE0 2 ror,ror,0.3,DE0 2,1957.0,1957.0,2057.0
DE0 1 ror,ror,0.045,DE0 1,1957.0,1957.0,2057.0
DE0 D ror,ror,0.22,DE0 D,1957.0,1957.0,2057.0
DE0 1 ror,ror,0.23,DE0 1,1957.0,1957.0,2057.0
DE0 2 ror,ror,0.037,DE0 2,1957.0,1957.0,2057.0
DE0 2 ror,ror,0.11,DE0 2,1957.0,1957.0,2057.0
DE0 2 ror,ror,0.085,DE0 2,1957.0,1957.0,2057.0
DE0 D ror,ror,1.4,DE0 D,1957.0,1957.0,2057.0
DE0 2 ror,ror,0.136,DE0 2,1957.0,1957.0,2057.0
DE0 2 ror,ror,0.04,DE0 2,1957.0,1957.0,2057.0
DE0 D ror,ror,0.055,DE0 D,1957.0,1957.0,2057.0
DE0 G ror,ror,0.6625,DE0 G,1957.0,1957.0,2057.0
DE0 2 ror,ror,0.35,DE0 2,1957.0,1957.0,2057.0
DE0 A ror,ror,0.314,DE0 A,1957.0,1957.0,2057.0
DE0 2 ror,ror,0.092,DE0 2,1957.0,1957.0,2057.0
DE0 D ror,ror,0.45,DE0 D,1957.0,1957.0,2057.0
DE0 2 ror,ror,0.054,DE0 2,1957.0,1957.0,2057.0
DE0 2 ror,ror,0.055,DE0 2,1957.0,1957.0,2057.0
DE0 9 ror,ror,0.15,DE0 9,1957.0,1957.0,2057.0
DE0 2 ror,ror,0.96,DE0 2,1957.0,1957.0,2057.0
DE0 2 ror,ror,0.032,DE0 2,1957.0,1957.0,2057.0
DE0 2 ror,ror,0.055,DE0 2,1957.0,1957.0,2057.0
DE0 1 ror,ror,0.135,DE0 1,1957.0,1957.0,2057.0
DE0 1 ror,ror,0.075,DE0 1,1957.0,1957.0,2057.0
DE0 D ror,ror,2.55,DE0 D,1957.0,1957.0,2057.0
DE0 2 ror,ror,0.18,DE0 2,1957.0,1957.0,2057.0
DE0 2 ror,ror,0.06,DE0 2,1957.0,1957.0,2057.0
DE0 4 ror,ror,20.3,DE0 4,1957.0,1957.0,2057.0
DE0 2 ror,ror,0.06,DE0 2,1957.0,1957.0,2057.0
DE0 2 ror,ror,0.09,DE0 2,1957.0,1957.0,2057.0
DE0 2 ror,ror,0.294,DE0 2,1957.0,1957.0,2057.0
DE0 2 ror,ror,0.125,DE0 2,1957.0,1957.0,2057.0
DE0 7 ror,ror,0.685,DE0 7,1957.0,1957.0,2057.0
DE0 D ror,ror,0.22,DE0 D,1957.0,1957.0,2057.0
DE0 2 ror,ror,0.032,DE0 2,1957.0,1957.0,2057.0
DE0 1 ror,ror,0.235,DE0 1,1957.0,1957.0,2057.0
DE0 2 ror,ror,0.074,DE0 2,1957.0,1957.0,2057.0
DE0 2 ror,ror,0.4,DE0 2,1957.0,1957.0,2057.0
DE0 1 ror,ror,0.316,DE0 1,1957.0,1957.0,2057.0
DE0 7 ror,ror,0.038,DE0 7,1957.0,1957.0,2057.0
DE0 2 ror,ror,0.15,DE0 2,1957.0,1957.0,2057.0
DE0 2 ror,ror,0.305,DE0 2,1957.0,1957.0,2057.0
DE0 G ror,ror,0.075,DE0 G,1957.0,1957.0,2057.0
DE0 G ror,ror,0.075,DE0 G,1957.0,1957.0,2057.0
DE0 2 ror,ror,0.07,DE0 2,1957.0,1957.0,2057.0
DE0 2 ror,ror,0.055,DE0 2,1957.0,1957.0,2057.0
DE0 9 ror,ror,0.085,DE0 9,1957.0,1957.0,2057.0
DE0 2 ror,ror,0.36,DE0 2,1957.0,1957.0,2057.0
DE0 2 ror,ror,0.135,DE0 2,1957.0,1957.0,2057.0
DE0 G ror,ror,0.225,DE0 G,1957.0,1957.0,2057.0
DE0 2 ror,ror,0.052,DE0 2,1957.0,1957.0,2057.0
DE0 B ror,ror,0.055,DE0 B,1957.0,1957.0,2057.0
DE0 G ror,ror,0.264,DE0 G,1957.0,1957.0,2057.0
DE0 2 ror,ror,0.04,DE0 2,1957.0,1957.0,2057.0
DE0 D ror,ror,0.23,DE0 D,1957.0,1957.0,2057.0
DE0 1 ror,ror,0.35,DE0 1,1957.0,1957.0,2057.0
DE0 1 ror,ror,0.185,DE0 1,1957.0,1957.0,2057.0
DE0 D ror,ror,0.11,DE0 D,1957.0,1957.0,2057.0
DE0 1 ror,ror,0.605,DE0 1,1957.0,1957.0,2057.0
DE0 2 ror,ror,0.145,DE0 2,1957.0,1957.0,2057.0
DE0 1 ror,ror,0.06,DE0 1,1957.0,1957.0,2057.0
DE0 1 ror,ror,0.185,DE0 1,1957.0,1957.0,2057.0
DE0 2 ror,ror,0.06,DE0 2,1957.0,1957.0,2057.0
DE0 2 ror,ror,0.9,DE0 2,1957.0,1957.0,2057.0
DE0 D ror,ror,0.0844,DE0 D,1957.0,1957.0,2057.0
DE0 2 ror,ror,0.034,DE0 2,1957.0,1957.0,2057.0
DE0 9 ror,ror,1.5,DE0 9,1957.0,1957.0,2057.0
DE0 2 ror,ror,3.1500000000000004,DE0 2,1957.0,1957.0,2057.0
DE0 2 ror,ror,0.3720000000000001,DE0 2,1957.0,1957.0,2057.0
DE0 2 ror,ror,0.04,DE0 2,1957.0,1957.0,2057.0
DE0 D ror,ror,0.235,DE0 D,1957.0,1957.0,2057.0
DE0 2 ror,ror,1.4240000000000002,DE0 2,1957.0,1957.0,2057.0
DE0 1 ror,ror,0.42,DE0 1,1957.0,1957.0,2057.0
DE0 2 ror,ror,0.05,DE0 2,1957.0,1957.0,2057.0
DE0 2 ror,ror,0.25,DE0 2,1957.0,1957.0,2057.0
DE0 2 ror,ror,0.16,DE0 2,1957.0,1957.0,2057.0
DE0 7 ror,ror,0.033,DE0 7,1957.0,1957.0,2057.0
DE0 1 ror,ror,0.13,DE0 1,1957.0,1957.0,2057.0
DE0 A ror,ror,1.033,DE0 A,1957.0,1957.0,2057.0
DE0 7 ror,ror,0.115,DE0 7,1957.0,1957.0,2057.0
DE0 7 ror,ror,0.14,DE0 7,1957.0,1957.0,2057.0
DE0 2 ror,ror,1.5590000000000002,DE0 2,1957.0,1957.0,2057.0
DE0 2 ror,ror,0.075,DE0 2,1957.0,1957.0,2057.0
DE0 2 ror,ror,0.055,DE0 2,1957.0,1957.0,2057.0
DE0 1 ror,ror,0.06,DE0 1,1957.0,1957.0,2057.0
DE0 2 ror,ror,0.25,DE0 2,1957.0,1957.0,2057.0
DE0 1 ror,ror,0.05,DE0 1,1957.0,1957.0,2057.0
DE0 2 ror,ror,0.09,DE0 2,1957.0,1957.0,2057.0
DE0 2 ror,ror,0.718,DE0 2,1957.0,1957.0,2057.0
DE0 1 ror,ror,0.21,DE0 1,1957.0,1957.0,2057.0
DE0 1 ror,ror,0.3,DE0 1,1957.0,1957.0,2057.0
DE0 2 ror,ror,0.045,DE0 2,1957.0,1957.0,2057.0
DE0 2 ror,ror,0.045,DE0 2,1957.0,1957.0,2057.0
DE0 2 ror,ror,0.055,DE0 2,1957.0,1957.0,2057.0
DE0 2 ror,ror,0.038,DE0 2,1957.0,1957.0,2057.0
DE0 1 ror,ror,0.22,DE0 1,1957.0,1957.0,2057.0
DE0 2 ror,ror,0.0735,DE0 2,1957.0,1957.0,2057.0
DE0 1 ror,ror,0.1,DE0 1,1957.0,1957.0,2057.0
DE0 2 ror,ror,0.09,DE0 2,1957.0,1957.0,2057.0
DE0 B ror,ror,0.17,DE0 B,1957.0,1957.0,2057.0
DE0 2 ror,ror,0.075,DE0 2,1957.0,1957.0,2057.0
DE0 2 ror,ror,0.037,DE0 2,1957.0,1957.0,2057.0
DE0 1 ror,ror,0.48,DE0 1,1957.0,1957.0,2057.0
DE0 7 ror,ror,0.32,DE0 7,1957.0,1957.0,2057.0
DE0 7 ror,ror,0.151,DE0 7,1957.0,1957.0,2057.0
DE0 1 ror,ror,0.18,DE0 1,1957.0,1957.0,2057.0
DE0 D ror,ror,0.48,DE0 D,1957.0,1957.0,2057.0
DE0 E ror,ror,0.25,DE0 E,1957.0,1957.0,2057.0
DE0 1 ror,ror,0.49,DE0 1,1957.0,1957.0,2057.0
DE0 2 ror,ror,0.075,DE0 2,1957.0,1957.0,2057.0
DE0 G ror,ror,0.25,DE0 G,1957.0,1957.0,2057.0
DE0 D ror,ror,0.45,DE0 D,1957.0,1957.0,2057.0
DE0 2 ror,ror,0.038,DE0 2,1957.0,1957.0,2057.0
DE0 2 ror,ror,0.115,DE0 2,1957.0,1957.0,2057.0
DE0 4 ror,ror,0.065,DE0 4,1957.0,1957.0,2057.0
DE0 2 ror,ror,0.118,DE0 2,1957.0,1957.0,2057.0
DE0 1 ror,ror,0.055,DE0 1,1957.0,1957.0,2057.0
DE0 2 ror,ror,0.048,DE0 2,1957.0,1957.0,2057.0
DE0 7 ror,ror,0.25,DE0 7,1957.0,1957.0,2057.0
DE0 1 ror,ror,0.045,DE0 1,1957.0,1957.0,2057.0
DE0 D ror,ror,0.75,DE0 D,1957.0,1957.0,2057.0
DE0 A ror,ror,0.06,DE0 A,1957.0,1957.0,2057.0
DE0 2 ror,ror,0.06,DE0 2,1957.0,1957.0,2057.0
DE0 D ror,ror,0.47,DE0 D,1957.0,1957.0,2057.0
DE0 2 ror,ror,0.185,DE0 2,1957.0,1957.0,2057.0
DE0 2 ror,ror,0.228,DE0 2,1957.0,1957.0,2057.0
DE0 2 ror,ror,0.033,DE0 2,1957.0,1957.0,2057.0
DE0 2 ror,ror,0.04,DE0 2,1957.0,1957.0,2057.0
DE0 2 ror,ror,2.76,DE0 2,1957.0,1957.0,2057.0
DE0 1 ror,ror,0.045,DE0 1,1957.0,1957.0,2057.0
DE0 D ror,ror,0.08,DE0 D,1957.0,1957.0,2057.0
DE0 1 ror,ror,0.075,DE0 1,1957.0,1957.0,2057.0
DE0 1 ror,ror,0.075,DE0 1,1957.0,1957.0,2057.0
DE0 A ror,ror,0.132,DE0 A,1957.0,1957.0,2057.0
DE0 2 ror,ror,0.746,DE0 2,1957.0,1957.0,2057.0
DE0 2 ror,ror,0.1,DE0 2,1957.0,1957.0,2057.0
DE0 1 ror,ror,0.048,DE0 1,1957.0,1957.0,2057.0
DE0 1 ror,ror,0.035,DE0 1,1957.0,1957.0,2057.0
DE0 2 ror,ror,0.078,DE0 2,1957.0,1957.0,2057.0
DE0 2 ror,ror,0.045,DE0 2,1957.0,1957.0,2057.0
DE0 2 ror,ror,0.056,DE0 2,1957.0,1957.0,2057.0
DE0 1 ror,ror,0.08,DE0 1,1957.0,1957.0,2057.0
DE0 4 ror,ror,0.215,DE0 4,1957.0,1957.0,2057.0
DE0 1 ror,ror,0.037,DE0 1,1957.0,1957.0,2057.0
DE0 2 ror,ror,0.08,DE0 2,1957.0,1957.0,2057.0
DE0 9 ror,ror,0.13,DE0 9,1957.0,1957.0,2057.0
DE0 2 ror,ror,0.16,DE0 2,1957.0,1957.0,2057.0
DE0 2 ror,ror,0.21,DE0 2,1957.0,1957.0,2057.0
DE0 1 ror,ror,0.037,DE0 1,1957.0,1957.0,2057.0
DE0 7 ror,ror,0.11,DE0 7,1957.0,1957.0,2057.0
DE0 2 ror,ror,0.15,DE0 2,1957.0,1957.0,2057.0
DE0 A ror,ror,0.15,DE0 A,1957.0,1957.0,2057.0
DE0 G ror,ror,0.05,DE0 G,1957.0,1957.0,2057.0
DE0 1 ror,ror,0.22,DE0 1,1957.0,1957.0,2057.0
DE0 1 ror,ror,0.037,DE0 1,1957.0,1957.0,2057.0
DE0 2 ror,ror,0.066,DE0 2,1957.0,1957.0,2057.0
DE0 A ror,ror,1.5,DE0 A,1957.0,1957.0,2057.0
DE0 8 ror,ror,0.16,DE0 8,1957.0,1957.0,2057.0
DE0 D ror,ror,0.468,DE0 D,1957.0,1957.0,2057.0
DE0 2 ror,ror,0.033,DE0 2,1957.0,1957.0,2057.0
DE0 2 ror,ror,0.095,DE0 2,1957.0,1957.0,2057.0
DE0 7 ror,ror,0.115,DE0 7,1957.0,1957.0,2057.0
DE0 1 ror,ror,0.09,DE0 1,1957.0,1957.0,2057.0
DE0 1 ror,ror,0.98,DE0 1,1957.0,1957.0,2057.0
DE0 2 ror,ror,0.0485,DE0 2,1957.0,1957.0,2057.0
DE0 B ror,ror,0.15,DE0 B,1957.0,1957.0,2057.0
DE0 9 ror,ror,0.085,DE0 9,1957.0,1957.0,2057.0
DE0 D ror,ror,0.585,DE0 D,1957.0,1957.0,2057.0
DE0 D ror,ror,0.1669999999999999,DE0 D,1957.0,1957.0,2057.0
DE0 D ror,ror,0.25,DE0 D,1957.0,1957.0,2057.0
DE0 D ror,ror,0.29,DE0 D,1957.0,1957.0,2057.0
DE0 1 ror,ror,0.09,DE0 1,1957.0,1957.0,2057.0
DE0 1 ror,ror,0.09,DE0 1,1957.0,1957.0,2057.0
DE0 2 ror,ror,0.038,DE0 2,1957.0,1957.0,2057.0
DE0 2 ror,ror,0.036,DE0 2,1957.0,1957.0,2057.0
DE0 2 ror,ror,0.05,DE0 2,1957.0,1957.0,2057.0
DE0 D ror,ror,0.075,DE0 D,1957.0,1957.0,2057.0
DE0 G ror,ror,0.067,DE0 G,1957.0,1957.0,2057.0
DE0 2 ror,ror,0.12,DE0 2,1957.0,1957.0,2057.0
DE0 2 ror,ror,0.035,DE0 2,1957.0,1957.0,2057.0
DE0 1 ror,ror,0.475,DE0 1,1957.0,1957.0,2057.0
DE0 9 ror,ror,0.3,DE0 9,1957.0,1957.0,2057.0
DE0 G ror,ror,0.29,DE0 G,1957.0,1957.0,2057.0
DE0 1 ror,ror,0.11,DE0 1,1957.0,1957.0,2057.0
DE0 1 ror,ror,0.0955,DE0 1,1957.0,1957.0,2057.0
DE0 D ror,ror,0.45,DE0 D,1957.0,1957.0,2057.0
DE0 1 ror,ror,0.075,DE0 1,1957.0,1957.0,2057.0
DE0 1 ror,ror,0.447,DE0 1,1957.0,1957.0,2057.0
DE0 E ror,ror,1.45,DE0 E,1957.0,1957.0,2057.0
DE0 D ror,ror,1.0,DE0 D,1957.0,1957.0,2057.0
DE0 G ror,ror,0.045,DE0 G,1957.0,1957.0,2057.0
DE0 1 ror,ror,0.16,DE0 1,1957.0,1957.0,2057.0
DE0 2 ror,ror,0.188,DE0 2,1957.0,1957.0,2057.0
DE0 D ror,ror,0.655,DE0 D,1957.0,1957.0,2057.0
DE0 2 ror,ror,0.06,DE0 2,1957.0,1957.0,2057.0
DE0 2 ror,ror,0.035,DE0 2,1957.0,1957.0,2057.0
DE0 9 ror,ror,0.5,DE0 9,1957.0,1957.0,2057.0
DE0 2 ror,ror,0.07,DE0 2,1957.0,1957.0,2057.0
DE0 1 ror,ror,0.26,DE0 1,1957.0,1957.0,2057.0
DE0 1 ror,ror,0.622,DE0 1,1957.0,1957.0,2057.0
DE0 2 ror,ror,0.083,DE0 2,1957.0,1957.0,2057.0
DE0 E ror,ror,1.2,DE0 E,1957.0,1957.0,2057.0
DE0 4 ror,ror,0.095,DE0 4,1957.0,1957.0,2057.0
DE0 D ror,ror,0.12,DE0 D,1957.0,1957.0,2057.0
DE0 2 ror,ror,0.032,DE0 2,1957.0,1957.0,2057.0
DE0 D ror,ror,0.585,DE0 D,1957.0,1957.0,2057.0
DE0 G ror,ror,0.6,DE0 G,1957.0,1957.0,2057.0
DE0 D ror,ror,0.11,DE0 D,1957.0,1957.0,2057.0
DE0 2 ror,ror,0.034,DE0 2,1957.0,1957.0,2057.0
DE0 A ror,ror,0.11,DE0 A,1957.0,1957.0,2057.0
DE0 2 ror,ror,0.096,DE0 2,1957.0,1957.0,2057.0
DE0 D ror,ror,0.093,DE0 D,1957.0,1957.0,2057.0
DE0 2 ror,ror,0.052,DE0 2,1957.0,1957.0,2057.0
DE0 1 ror,ror,0.0788,DE0 1,1957.0,1957.0,2057.0
DE0 1 ror,ror,0.33,DE0 1,1957.0,1957.0,2057.0
DE0 2 ror,ror,1.2,DE0 2,1957.0,1957.0,2057.0
DE0 2 ror,ror,0.13,DE0 2,1957.0,1957.0,2057.0
DE0 2 ror,ror,0.1,DE0 2,1957.0,1957.0,2057.0
DE0 D ror,ror,0.28,DE0 D,1957.0,1957.0,2057.0
DE0 2 ror,ror,0.037,DE0 2,1957.0,1957.0,2057.0
DE0 G ror,ror,0.312,DE0 G,1957.0,1957.0,2057.0
DE0 A ror,ror,0.45,DE0 A,1957.0,1957.0,2057.0
DE0 2 ror,ror,0.075,DE0 2,1957.0,1957.0,2057.0
DE0 2 ror,ror,0.05,DE0 2,1957.0,1957.0,2057.0
DE0 2 ror,ror,0.35,DE0 2,1957.0,1957.0,2057.0
DE0 1 ror,ror,0.072,DE0 1,1957.0,1957.0,2057.0
DE0 D ror,ror,1.5,DE0 D,1957.0,1957.0,2057.0
DE0 1 ror,ror,0.055,DE0 1,1957.0,1957.0,2057.0
DE0 2 ror,ror,0.0368,DE0 2,1957.0,1957.0,2057.0
DE0 2 ror,ror,0.07,DE0 2,1957.0,1957.0,2057.0
DE0 2 ror,ror,0.2,DE0 2,1957.0,1957.0,2057.0
DE0 E ror,ror,4.5,DE0 E,1957.0,1957.0,2057.0
DE0 2 ror,ror,4.2,DE0 2,1957.0,1957.0,2057.0
DE0 2 ror,ror,0.227,DE0 2,1957.0,1957.0,2057.0
DE0 2 ror,ror,0.225,DE0 2,1957.0,1957.0,2057.0
DE0 A ror,ror,0.5,DE0 A,1957.0,1957.0,2057.0
DE0 E ror,ror,1.45,DE0 E,1957.0,1957.0,2057.0
DE0 D ror,ror,0.757,DE0 D,1957.0,1957.0,2057.0
DE0 1 ror,ror,0.33,DE0 1,1957.0,1957.0,2057.0
DE0 2 ror,ror,0.779,DE0 2,1957.0,1957.0,2057.0
DE0 2 ror,ror,0.33,DE0 2,1957.0,1957.0,2057.0
DE0 2 ror,ror,0.27,DE0 2,1957.0,1957.0,2057.0
DE0 2 ror,ror,0.25,DE0 2,1957.0,1957.0,2057.0
DE0 1 ror,ror,0.334,DE0 1,1957.0,1957.0,2057.0
DE0 2 ror,ror,0.08,DE0 2,1957.0,1957.0,2057.0
DE0 1 ror,ror,0.39,DE0 1,1957.0,1957.0,2057.0
DE0 2 ror,ror,0.2611,DE0 2,1957.0,1957.0,2057.0
DE0 1 ror,ror,0.11,DE0 1,1957.0,1957.0,2057.0
DE0 2 ror,ror,0.07,DE0 2,1957.0,1957.0,2057.0
DE0 2 ror,ror,0.09,DE0 2,1957.0,1957.0,2057.0
DE0 B ror,ror,0.17,DE0 B,1957.0,1957.0,2057.0
DE0 1 ror,ror,0.04,DE0 1,1957.0,1957.0,2057.0
DE0 2 ror,ror,0.624,DE0 2,1957.0,1957.0,2057.0
DE0 2 ror,ror,0.04,DE0 2,1957.0,1957.0,2057.0
DE0 2 ror,ror,0.06,DE0 2,1957.0,1957.0,2057.0
DE0 2 ror,ror,0.3697,DE0 2,1957.0,1957.0,2057.0
DE0 2 ror,ror,0.0342,DE0 2,1957.0,1957.0,2057.0
DE0 1 ror,ror,0.045,DE0 1,1957.0,1957.0,2057.0
DE0 G ror,ror,0.245,DE0 G,1957.0,1957.0,2057.0
DE0 2 ror,ror,0.5,DE0 2,1957.0,1957.0,2057.0
DE0 2 ror,ror,0.0421,DE0 2,1957.0,1957.0,2057.0
DE0 2 ror,ror,47.1,DE0 2,1957.0,1957.0,2057.0
DE0 7 ror,ror,0.06,DE0 7,1957.0,1957.0,2057.0
DE0 D ror,ror,0.132,DE0 D,1957.0,1957.0,2057.0
DE0 2 ror,ror,0.41,DE0 2,1957.0,1957.0,2057.0
DE0 2 ror,ror,0.16,DE0 2,1957.0,1957.0,2057.0
DE0 9 ror,ror,0.108,DE0 9,1957.0,1957.0,2057.0
DE0 2 ror,ror,0.055,DE0 2,1957.0,1957.0,2057.0
DE0 D ror,ror,0.32,DE0 D,1957.0,1957.0,2057.0
DE0 2 ror,ror,0.037,DE0 2,1957.0,1957.0,2057.0
DE0 2 ror,ror,26.56,DE0 2,1957.0,1957.0,2057.0
DE0 2 ror,ror,0.09,DE0 2,1957.0,1957.0,2057.0
DE0 1 ror,ror,1.3,DE0 1,1957.0,1957.0,2057.0
DE0 D ror,ror,0.21,DE0 D,1957.0,1957.0,2057.0
DE0 2 ror,ror,0.04,DE0 2,1957.0,1957.0,2057.0
DE0 1 ror,ror,0.09,DE0 1,1957.0,1957.0,2057.0
DE0 1 ror,ror,0.034,DE0 1,1957.0,1957.0,2057.0
DE0 D ror,ror,0.26,DE0 D,1957.0,1957.0,2057.0
DE0 D ror,ror,0.165,DE0 D,1957.0,1957.0,2057.0
DE0 2 ror,ror,0.09,DE0 2,1957.0,1957.0,2057.0
DE0 2 ror,ror,0.04,DE0 2,1957.0,1957.0,2057.0
DE0 2 ror,ror,0.045,DE0 2,1957.0,1957.0,2057.0
DE0 4 ror,ror,0.095,DE0 4,1957.0,1957.0,2057.0
DE0 2 ror,ror,0.292,DE0 2,1957.0,1957.0,2057.0
DE0 2 ror,ror,0.056,DE0 2,1957.0,1957.0,2057.0
DE0 2 ror,ror,0.084,DE0 2,1957.0,1957.0,2057.0
DE0 2 ror,ror,0.078,DE0 2,1957.0,1957.0,2057.0
DE0 1 ror,ror,0.099,DE0 1,1957.0,1957.0,2057.0
DE0 2 ror,ror,0.067,DE0 2,1957.0,1957.0,2057.0
DE0 E ror,ror,0.32,DE0 E,1957.0,1957.0,2057.0
DE0 2 ror,ror,0.135,DE0 2,1957.0,1957.0,2057.0
DE0 2 ror,ror,0.039,DE0 2,1957.0,1957.0,2057.0
DE0 1 ror,ror,0.045,DE0 1,1957.0,1957.0,2057.0
DE0 1 ror,ror,0.06,DE0 1,1957.0,1957.0,2057.0
DE0 D ror,ror,0.045,DE0 D,1957.0,1957.0,2057.0
DE0 1 ror,ror,0.07,DE0 1,1957.0,1957.0,2057.0
DE0 D ror,ror,0.27,DE0 D,1957.0,1957.0,2057.0
DE0 9 ror,ror,0.037,DE0 9,1957.0,1957.0,2057.0
DE0 2 ror,ror,0.075,DE0 2,1957.0,1957.0,2057.0
DE0 1 ror,ror,0.15403,DE0 1,1957.0,1957.0,2057.0
DE0 1 ror,ror,0.075,DE0 1,1957.0,1957.0,2057.0
DE0 2 ror,ror,0.075,DE0 2,1957.0,1957.0,2057.0
DE0 2 ror,ror,0.17,DE0 2,1957.0,1957.0,2057.0
DE0 E ror,ror,0.045,DE0 E,1957.0,1957.0,2057.0
DE0 2 ror,ror,0.055,DE0 2,1957.0,1957.0,2057.0
DE0 D ror,ror,0.5840000000000001,DE0 D,1957.0,1957.0,2057.0
DE0 2 ror,ror,0.037,DE0 2,1957.0,1957.0,2057.0
DE0 A ror,ror,0.055,DE0 A,1957.0,1957.0,2057.0
DE0 D ror,ror,0.4,DE0 D,1957.0,1957.0,2057.0
DE0 7 ror,ror,0.091,DE0 7,1957.0,1957.0,2057.0
DE0 1 ror,ror,0.15,DE0 1,1957.0,1957.0,2057.0
DE0 2 ror,ror,0.06,DE0 2,1957.0,1957.0,2057.0
DE0 2 ror,ror,0.036,DE0 2,1957.0,1957.0,2057.0
DE0 1 ror,ror,0.2,DE0 1,1957.0,1957.0,2057.0
DE0 D ror,ror,31.3,DE0 D,1957.0,1957.0,2057.0
DE0 1 ror,ror,0.146,DE0 1,1957.0,1957.0,2057.0
DE0 D ror,ror,0.655,DE0 D,1957.0,1957.0,2057.0
DE0 1 ror,ror,0.495,DE0 1,1957.0,1957.0,2057.0
DE0 2 ror,ror,0.145,DE0 2,1957.0,1957.0,2057.0
DE0 D ror,ror,0.36,DE0 D,1957.0,1957.0,2057.0
DE0 7 ror,ror,0.44,DE0 7,1957.0,1957.0,2057.0
DE0 7 ror,ror,0.19,DE0 7,1957.0,1957.0,2057.0
DE0 1 ror,ror,0.165,DE0 1,1957.0,1957.0,2057.0
DE0 1 ror,ror,0.344,DE0 1,1957.0,1957.0,2057.0
DE0 2 ror,ror,0.64,DE0 2,1957.0,1957.0,2057.0
DE0 1 ror,ror,0.078,DE0 1,1957.0,1957.0,2057.0
DE0 1 ror,ror,0.048,DE0 1,1957.0,1957.0,2057.0
DE0 2 ror,ror,0.07,DE0 2,1957.0,1957.0,2057.0
DE0 2 ror,ror,0.043,DE0 2,1957.0,1957.0,2057.0
DE0 2 ror,ror,0.1,DE0 2,1957.0,1957.0,2057.0
DE0 2 ror,ror,0.0465,DE0 2,1957.0,1957.0,2057.0
DE0 1 ror,ror,0.09,DE0 1,1957.0,1957.0,2057.0
DE0 7 ror,ror,0.14,DE0 7,1957.0,1957.0,2057.0
DE0 7 ror,ror,19.0,DE0 7,1957.0,1957.0,2057.0
DE0 G ror,ror,0.048,DE0 G,1957.0,1957.0,2057.0
DE0 2 ror,ror,0.045,DE0 2,1957.0,1957.0,2057.0
DE0 1 ror,ror,0.25,DE0 1,1957.0,1957.0,2057.0
DE0 2 ror,ror,0.6,DE0 2,1957.0,1957.0,2057.0
DE0 1 ror,ror,0.19,DE0 1,1957.0,1957.0,2057.0
DE0 2 ror,ror,0.045,DE0 2,1957.0,1957.0,2057.0
DE0 2 ror,ror,0.035,DE0 2,1957.0,1957.0,2057.0
DE0 1 ror,ror,0.585,DE0 1,1957.0,1957.0,2057.0
DE0 2 ror,ror,1.42,DE0 2,1957.0,1957.0,2057.0
DE0 A ror,ror,0.49,DE0 A,1957.0,1957.0,2057.0
DE0 7 ror,ror,0.23,DE0 7,1957.0,1957.0,2057.0
DE0 E ror,ror,0.4,DE0 E,1957.0,1957.0,2057.0
DE0 D ror,ror,0.06,DE0 D,1957.0,1957.0,2057.0
DE0 2 ror,ror,0.055,DE0 2,1957.0,1957.0,2057.0
DE0 2 ror,ror,0.49,DE0 2,1957.0,1957.0,2057.0
DE0 2 ror,ror,0.053,DE0 2,1957.0,1957.0,2057.0
DE0 2 ror,ror,0.068,DE0 2,1957.0,1957.0,2057.0
DE0 1 ror,ror,0.124,DE0 1,1957.0,1957.0,2057.0
DE0 A ror,ror,4.799999999999999,DE0 A,1957.0,1957.0,2057.0
DE0 D ror,ror,0.095,DE0 D,1957.0,1957.0,2057.0
DE0 2 ror,ror,0.0378,DE0 2,1957.0,1957.0,2057.0
DE0 1 ror,ror,0.075,DE0 1,1957.0,1957.0,2057.0
DE0 2 ror,ror,0.03648,DE0 2,1957.0,1957.0,2057.0
DE0 2 ror,ror,0.08,DE0 2,1957.0,1957.0,2057.0
DE0 A ror,ror,0.06,DE0 A,1957.0,1957.0,2057.0
DE0 1 ror,ror,0.089,DE0 1,1957.0,1957.0,2057.0
DE0 9 ror,ror,0.0954,DE0 9,1957.0,1957.0,2057.0
DE0 D ror,ror,0.395,DE0 D,1957.0,1957.0,2057.0
DE0 1 ror,ror,0.114,DE0 1,1957.0,1957.0,2057.0
DE0 2 ror,ror,0.16,DE0 2,1957.0,1957.0,2057.0
DE0 2 ror,ror,0.18,DE0 2,1957.0,1957.0,2057.0
DE0 2 ror,ror,0.07,DE0 2,1957.0,1957.0,2057.0
DE0 1 ror,ror,0.04,DE0 1,1957.0,1957.0,2057.0
DE0 E ror,ror,0.15,DE0 E,1957.0,1957.0,2057.0
DE0 2 ror,ror,0.09,DE0 2,1957.0,1957.0,2057.0
DE0 2 ror,ror,0.16,DE0 2,1957.0,1957.0,2057.0
DE0 1 ror,ror,0.095,DE0 1,1957.0,1957.0,2057.0
DE0 E ror,ror,1.893,DE0 E,1957.0,1957.0,2057.0
DE0 1 ror,ror,1.0,DE0 1,1957.0,1957.0,2057.0
DE0 A lignite,lignite,3406.0,DE0 A,1965.0,2009.0,2054.0
DE0 A CCGT,CCGT,525.09170841,DE0 A,2007.0,2007.0,2047.0
DE0 A CCGT,CCGT,763.08291438,DE0 A,1976.0,2011.0,2051.0
DE0 2 CCGT,CCGT,1771.71231111,DE0 2,2010.0,2011.0,2051.0
DE0 4 lignite,lignite,2790.0,DE0 4,1981.0,1996.0,2041.0
DE0 4 OCGT,OCGT,206.51088772,DE0 4,1981.0,2017.0,2057.0
DE0 A CCGT,CCGT,1548.8316579,DE0 A,2006.0,2013.0,2053.0
DE0 D CCGT,CCGT,327.3953098,DE0 D,1995.0,1995.0,2035.0
DE0 D lignite,lignite,1750.0,DE0 D,1999.0,2000.0,2045.0
DE0 A lignite,lignite,2091.0,DE0 A,1972.0,1976.0,2021.0
DE0 B CCGT,CCGT,968.586431916,DE0 B,1976.0,2000.0,2040.0
DE0 B CCGT,CCGT,15.110552760000001,DE0 B,2003.0,2003.0,2043.0
DE0 A CCGT,CCGT,795.82244536,DE0 A,1973.0,1984.0,2024.0
DE0 4 CCGT,CCGT,559.09045212,DE0 4,1996.0,1996.0,2036.0
DE0 D lignite,lignite,2427.0,DE0 D,1979.0,2012.0,2057.0
DE0 1 CCGT,CCGT,444.50209369,DE0 1,1998.0,1998.0,2038.0
DE0 A CCGT,CCGT,737.89865978,DE0 A,2000.0,2000.0,2040.0
DE0 9 CCGT,CCGT,2313.17378501,DE0 9,1973.0,2010.0,2050.0
DE0 A lignite,lignite,562.0,DE0 A,1966.0,1990.0,2035.0
DE0 4 OCGT,OCGT,181.32663312,DE0 4,1975.0,2000.0,2040.0
DE0 E lignite,lignite,900.0,DE0 E,1996.0,1996.0,2041.0
DE0 4 lignite,lignite,1500.0,DE0 4,1997.0,1998.0,2043.0
DE0 9 CCGT,CCGT,559.720058485,DE0 9,2016.0,2016.0,2056.0
DE0 A CCGT,CCGT,155.512772155,DE0 A,2004.0,2010.0,2050.0
DE0 9 CCGT,CCGT,289.6189279,DE0 9,1998.0,2013.0,2053.0
DE0 D CCGT,CCGT,210.28852591,DE0 D,1996.0,2010.0,2050.0
DE0 2 CCGT,CCGT,214.0661641,DE0 2,1979.0,2001.0,2041.0
DE0 9 OCGT,OCGT,404.20728633,DE0 9,1978.0,2006.0,2046.0
DE0 2 CCGT,CCGT,820.880778687,DE0 2,1980.0,2004.0,2044.0
DE0 7 OCGT,OCGT,88.1448911,DE0 7,2004.0,2004.0,2044.0
DE0 4 oil,oil,333.5,DE0 4,1972.0,2011.0,2051.0
DE0 2 CCGT,CCGT,188.8819095,DE0 2,2005.0,2005.0,2045.0
DE0 F oil,oil,256.0,DE0 F,1982.0,1982.0,2022.0
DE0 A CCGT,CCGT,1070.3308205,DE0 A,1994.0,1994.0,2034.0
DE0 A OCGT,OCGT,1441.79857585,DE0 A,1994.0,1994.0,2034.0
DE0 4 OCGT,OCGT,181.32663312,DE0 4,1972.0,1998.0,2038.0
DE0 9 lignite,lignite,352.0,DE0 9,1985.0,2002.0,2047.0
DE0 A CCGT,CCGT,1099.166792017,DE0 A,2005.0,2016.0,2056.0
DE0 2 OCGT,OCGT,184.663173633556,DE0 2,1994.0,1994.0,2034.0
DE0 A OCGT,OCGT,314.8031825,DE0 A,1994.0,1994.0,2034.0
DE0 9 OCGT,OCGT,125.921273,DE0 9,1994.0,1994.0,2034.0
DE0 2 OCGT,OCGT,71.77512561,DE0 2,2007.0,2007.0,2047.0
DE0 G OCGT,OCGT,13.85134003,DE0 G,1996.0,1996.0,2036.0
DE0 G CCGT,CCGT,137.380108843,DE0 G,1999.0,2014.0,2054.0
DE0 2 OCGT,OCGT,20.14740368,DE0 2,2017.0,2017.0,2057.0
DE0 A OCGT,OCGT,32.73953098,DE0 A,2004.0,2004.0,2044.0
DE0 2 CCGT,CCGT,153.62395306,DE0 2,1971.0,2009.0,2049.0
DE0 7 oil,oil,24.8,DE0 7,2011.0,2011.0,2051.0
DE0 1 OCGT,OCGT,36.769011716,DE0 1,2018.0,2018.0,2058.0
DE0 2 OCGT,OCGT,92.04845056299999,DE0 2,2002.0,2002.0,2042.0
DE0 G OCGT,OCGT,93.18174202,DE0 G,1996.0,1996.0,2036.0
DE0 1 CCGT,CCGT,50.3685092,DE0 1,1998.0,1998.0,2038.0
DE0 E lignite,lignite,49.0,DE0 E,1996.0,1996.0,2041.0
DE0 4 lignite,lignite,74.0,DE0 4,1999.0,1999.0,2044.0
DE0 7 OCGT,OCGT,119.121524258,DE0 7,2013.0,2013.0,2053.0
DE0 D lignite,lignite,147.6,DE0 D,1988.0,2010.0,2055.0
DE0 1 OCGT,OCGT,16.999371855,DE0 1,2001.0,2001.0,2041.0
DE0 A OCGT,OCGT,15.866080398,DE0 A,2011.0,2011.0,2051.0
DE0 D CCGT,CCGT,16.508278890299998,DE0 D,1993.0,1993.0,2033.0
DE0 A CCGT,CCGT,184.474664945,DE0 A,1981.0,1981.0,2021.0
DE0 4 CCGT,CCGT,201.4740368,DE0 4,1994.0,1994.0,2034.0
DE0 9 CCGT,CCGT,16.36976549,DE0 9,2000.0,2000.0,2040.0
DE0 8 OCGT,OCGT,28.96189279,DE0 8,1994.0,1994.0,2034.0
DE0 E CCGT,CCGT,49.10929647,DE0 E,1998.0,1998.0,2038.0
DE0 A CCGT,CCGT,131.08404519299998,DE0 A,2005.0,2005.0,2045.0
DE0 E CCGT,CCGT,192.785468963,DE0 E,2005.0,2013.0,2053.0
DE0 2 oil,oil,92.8,DE0 2,1982.0,1982.0,2022.0
DE0 1 OCGT,OCGT,23.799120596999998,DE0 1,2014.0,2014.0,2054.0
DE0 8 OCGT,OCGT,18.510427131,DE0 8,1996.0,1996.0,2036.0
DE0 9 OCGT,OCGT,23.673199324000002,DE0 9,1998.0,1998.0,2038.0
DE0 1 OCGT,OCGT,37.7763819,DE0 1,2017.0,2017.0,2057.0
DE0 A OCGT,OCGT,55.40536012,DE0 A,2013.0,2013.0,2053.0
DE0 G CCGT,CCGT,229.17671686,DE0 G,1996.0,1996.0,2036.0
DE0 F OCGT,OCGT,27.073073695,DE0 F,2005.0,2005.0,2045.0
DE0 A CCGT,CCGT,103.25544386,DE0 A,2005.0,2005.0,2045.0
DE0 E CCGT,CCGT,176.919388565,DE0 E,1994.0,1994.0,2034.0
DE0 E OCGT,OCGT,22.413986594,DE0 E,1994.0,1994.0,2034.0
DE0 9 OCGT,OCGT,13.095812392000001,DE0 9,2014.0,2014.0,2054.0
DE0 7 OCGT,OCGT,14.355025122,DE0 7,1999.0,1999.0,2039.0
DE0 A OCGT,OCGT,16.999371855,DE0 A,1996.0,1996.0,2036.0
DE0 E CCGT,CCGT,133.47654938,DE0 E,2000.0,2000.0,2040.0
DE0 A OCGT,OCGT,26.065703511,DE0 A,2004.0,2004.0,2044.0
DE0 B CCGT,CCGT,516.2772193,DE0 B,1997.0,1997.0,2037.0
DE0 7 OCGT,OCGT,173.393592921,DE0 7,1994.0,2018.0,2058.0
DE0 E OCGT,OCGT,33.99874371,DE0 E,1996.0,1996.0,2036.0
DE0 E lignite,lignite,31.0,DE0 E,1994.0,1994.0,2039.0
DE0 E OCGT,OCGT,50.3685092,DE0 E,1997.0,1997.0,2037.0
DE0 B OCGT,OCGT,74.29355107,DE0 B,2007.0,2007.0,2047.0
DE0 2 OCGT,OCGT,16.747529309,DE0 2,2012.0,2016.0,2056.0
DE0 4 OCGT,OCGT,103.003601314,DE0 4,1996.0,1996.0,2036.0
DE0 2 oil,oil,11.4,DE0 2,1988.0,1988.0,2028.0
DE0 A CCGT,CCGT,47.220477375,DE0 A,2005.0,2005.0,2045.0
DE0 8 CCGT,CCGT,94.44095475,DE0 8,1997.0,1997.0,2037.0
DE0 1 OCGT,OCGT,16.873450582,DE0 1,2000.0,2000.0,2040.0
DE0 2 CCGT,CCGT,125.921273,DE0 2,1920.0,1995.0,2035.0
DE0 G OCGT,OCGT,25.1842546,DE0 G,1995.0,1995.0,2035.0
DE0 4 OCGT,OCGT,231.065535955,DE0 4,1987.0,1989.0,2029.0
DE0 G OCGT,OCGT,12.214363481,DE0 G,1994.0,1994.0,2034.0
DE0 8 CCGT,CCGT,135.99497484,DE0 8,1996.0,1996.0,2036.0
DE0 7 CCGT,CCGT,141.157747033,DE0 7,1999.0,1999.0,2039.0
DE0 2 OCGT,OCGT,176.2897822,DE0 2,1954.0,2014.0,2054.0
DE0 9 CCGT,CCGT,197.69639861,DE0 9,2015.0,2015.0,2055.0
DE0 E CCGT,CCGT,125.921273,DE0 E,2015.0,2015.0,2055.0
DE0 E OCGT,OCGT,14.355025122,DE0 E,1999.0,1999.0,2039.0
DE0 E OCGT,OCGT,27.70268006,DE0 E,1994.0,1994.0,2034.0
DE0 C OCGT,OCGT,48.605611378,DE0 C,2012.0,2012.0,2052.0
DE0 4 CCGT,CCGT,153.62395306,DE0 4,1994.0,1994.0,2034.0
DE0 A oil,oil,4.8,DE0 A,1997.0,1997.0,2037.0
DE0 7 OCGT,OCGT,121.514028445,DE0 7,2012.0,2012.0,2052.0
DE0 1 OCGT,OCGT,318.58082069,DE0 1,1971.0,1997.0,2037.0
DE0 2 CCGT,CCGT,59.18299831,DE0 2,2013.0,2013.0,2053.0
DE0 7 CCGT,CCGT,98.21859294,DE0 7,2011.0,2011.0,2051.0
DE0 B OCGT,OCGT,16.36976549,DE0 B,2013.0,2013.0,2053.0
DE0 A OCGT,OCGT,12.843969845999998,DE0 A,2000.0,2000.0,2040.0
DE0 A OCGT,OCGT,26.569388603,DE0 A,2012.0,2012.0,2052.0
DE0 1 CCGT,CCGT,12.340284754,DE0 1,2011.0,2011.0,2051.0
DE0 B OCGT,OCGT,15.740159125,DE0 B,2008.0,2008.0,2048.0
DE0 A lignite,lignite,2120.0,DE0 A,2012.0,2012.0,2057.0
DE0 G OCGT,OCGT,16.999371855,DE0 G,1995.0,1995.0,2035.0
DE0 9 OCGT,OCGT,83.10804018,DE0 9,1996.0,1996.0,2036.0
DE0 B OCGT,OCGT,14.480946395,DE0 B,1991.0,1991.0,2031.0
DE0 2 OCGT,OCGT,31.984003341999998,DE0 2,1996.0,1996.0,2036.0
DE0 2 OCGT,OCGT,42.4858375102,DE0 2,1992.0,2014.0,2054.0
DE0 A OCGT,OCGT,13.977261302999999,DE0 A,1991.0,2005.0,2045.0
DE0 A OCGT,OCGT,31.48031825,DE0 A,1994.0,1994.0,2034.0
DE0 2 CCGT,CCGT,35.635720259,DE0 2,2005.0,2014.0,2054.0
DE0 D OCGT,OCGT,43.190996639,DE0 D,1998.0,1998.0,2038.0
DE0 E lignite,lignite,23.3,DE0 E,1993.0,1993.0,2038.0
DE0 E OCGT,OCGT,29.339656609000002,DE0 E,1993.0,1993.0,2033.0
DE0 4 lignite,lignite,45.0,DE0 4,1997.0,1997.0,2042.0
DE0 7 lignite,lignite,33.5,DE0 7,1989.0,1989.0,2034.0
DE0 F CCGT,CCGT,98.21859294,DE0 F,2016.0,2016.0,2056.0
DE0 C OCGT,OCGT,27.70268006,DE0 C,2016.0,2016.0,2056.0
DE0 A lignite,lignite,176.0,DE0 A,1959.0,1988.0,2033.0
DE0 D OCGT,OCGT,16.873450582,DE0 D,2013.0,2013.0,2053.0
DE0 A OCGT,OCGT,23.799120596999998,DE0 A,1992.0,1992.0,2032.0
DE0 A OCGT,OCGT,19.014112222999998,DE0 A,1996.0,1996.0,2036.0
DE0 2 CCGT,CCGT,29.339656609000002,DE0 2,2011.0,2013.0,2053.0
DE0 2 OCGT,OCGT,38.657830811,DE0 2,2004.0,2004.0,2044.0
DE0 A CCGT,CCGT,65.35314068699999,DE0 A,1996.0,1996.0,2036.0
DE0 C OCGT,OCGT,24.554648235,DE0 C,2014.0,2014.0,2054.0
DE0 B CCGT,CCGT,48.857453924,DE0 B,1992.0,2013.0,2053.0
DE0 A lignite,lignite,0.0,DE0 A,1993.0,1993.0,2038.0
DE0 E lignite,lignite,45.0,DE0 E,1979.0,1979.0,2024.0
DE0 G OCGT,OCGT,65.47906196,DE0 G,2013.0,2013.0,2053.0
DE0 2 OCGT,OCGT,30.221105520000002,DE0 2,2001.0,2001.0,2041.0
DE0 E CCGT,CCGT,134.73576211,DE0 E,1994.0,1994.0,2034.0
DE0 8 OCGT,OCGT,47.85008374,DE0 8,2013.0,2013.0,2053.0
DE0 A OCGT,OCGT,30.221105520000002,DE0 A,1995.0,1995.0,2035.0
DE0 B OCGT,OCGT,14.606867668,DE0 B,1989.0,1989.0,2029.0
DE0 A OCGT,OCGT,119.62520935,DE0 A,2013.0,2013.0,2053.0
DE0 A lignite,lignite,9.3,DE0 A,1983.0,1983.0,2028.0
DE0 8 OCGT,OCGT,19.014112222999998,DE0 8,1993.0,1993.0,2033.0
DE0 7 OCGT,OCGT,62.9606365,DE0 7,1988.0,1988.0,2028.0
DE0 D OCGT,OCGT,58.679313218000004,DE0 D,1993.0,1993.0,2033.0
DE0 9 CCGT,CCGT,18.636348404,DE0 9,2002.0,2002.0,2042.0
DE0 A CCGT,CCGT,50.116666654,DE0 A,1999.0,1999.0,2039.0
DE0 9 OCGT,OCGT,38.657830811,DE0 9,2012.0,2012.0,2052.0
DE0 A oil,oil,114.4,DE0 A,2004.0,2004.0,2044.0
DE0 2 OCGT,OCGT,19.014112222999998,DE0 2,2000.0,2000.0,2040.0
DE0 A CCGT,CCGT,19.895561134,DE0 A,2001.0,2001.0,2041.0
DE0 A lignite,lignite,75.3,DE0 A,2010.0,2010.0,2055.0
DE0 1 oil,oil,70.0,DE0 1,1995.0,1995.0,2035.0
DE0 B CCGT,CCGT,685.641331485,DE0 B,1992.0,2005.0,2045.0
DE0 9 CCGT,CCGT,118.36599662,DE0 9,1971.0,2010.0,2050.0
DE0 2 oil,oil,0.5,DE0 2,1991.0,1991.0,2031.0
DE0 A OCGT,OCGT,14.355025122,DE0 A,2002.0,2002.0,2042.0
DE0 A lignite,lignite,14.5,DE0 A,1991.0,1991.0,2036.0
DE0 A lignite,lignite,23.2,DE0 A,2013.0,2013.0,2058.0
DE0 E lignite,lignite,20.3,DE0 E,2014.0,2014.0,2059.0
DE0 A OCGT,OCGT,12.843969845999998,DE0 A,2017.0,2017.0,2057.0
DE0 1 OCGT,OCGT,44.198366823,DE0 1,1968.0,1988.0,2028.0
DE0 9 OCGT,OCGT,73.7646817234,DE0 9,1968.0,1989.0,2029.0
DE0 2 CCGT,CCGT,149.216708505,DE0 2,2010.0,2010.0,2050.0
DE0 C CCGT,CCGT,94.44095475,DE0 C,2005.0,2005.0,2045.0
DE0 8 OCGT,OCGT,56.538651576999996,DE0 8,1994.0,1994.0,2034.0
DE0 1 OCGT,OCGT,119.62520935,DE0 1,2013.0,2013.0,2053.0
DE0 2 oil,oil,24.0,DE0 2,1988.0,1988.0,2028.0
DE0 A oil,oil,60.0,DE0 A,2008.0,2008.0,2048.0
DE0 E oil,oil,120.0,DE0 E,1994.0,1994.0,2034.0
DE0 D oil,oil,17.0,DE0 D,1995.0,1995.0,2035.0
DE0 D OCGT,OCGT,24.050963143,DE0 D,1997.0,1997.0,2037.0
DE0 F CCGT,CCGT,159.92001671,DE0 F,2009.0,2009.0,2049.0
DE0 A CCGT,CCGT,1071.841875776,DE0 A,1990.0,2008.0,2048.0
DE0 1 oil,oil,136.0,DE0 1,1981.0,1981.0,2021.0
DE0 A OCGT,OCGT,503.685092,DE0 A,2006.0,2006.0,2046.0
DE0 9 OCGT,OCGT,19.895561134,DE0 9,2003.0,2003.0,2043.0
DE0 E OCGT,OCGT,29.465577881999998,DE0 E,1994.0,1994.0,2034.0
DE0 A OCGT,OCGT,16.117922944,DE0 A,2001.0,2001.0,2041.0
DE0 1 OCGT,OCGT,41.55402009,DE0 1,1984.0,1984.0,2024.0
DE0 7 OCGT,OCGT,31.48031825,DE0 7,2006.0,2006.0,2046.0
DE0 G OCGT,OCGT,27.828601333,DE0 G,1993.0,1993.0,2033.0
DE0 7 CCGT,CCGT,86.88567837,DE0 7,2009.0,2009.0,2049.0
DE0 9 OCGT,OCGT,22.791750413000003,DE0 9,1996.0,1996.0,2036.0
DE0 G OCGT,OCGT,878.93048554,DE0 G,1994.0,1994.0,2034.0
DE0 1 coal,coal,336.0,DE0 1,,,2067.0
DE0 1 coal,coal,433.0,DE0 1,,,2055.0
DE0 A coal,coal,717.0,DE0 A,,,2031.0
DE0 4 coal,coal,89.0,DE0 4,,,2040.0
DE0 4 coal,coal,282.0,DE0 4,,,2037.0
DE0 4 coal,coal,282.0,DE0 4,,,2038.0
DE0 C coal,coal,726.0,DE0 C,,,2033.0
DE0 9 coal,coal,43.3,DE0 9,,,2034.0
DE0 9 coal,coal,119.0,DE0 9,,,2039.0
DE0 9 coal,coal,303.0,DE0 9,,,2029.0
DE0 9 coal,coal,350.0,DE0 9,,,2039.0
DE0 A coal,coal,370.0,DE0 A,,,2038.0
DE0 A coal,coal,725.0,DE0 A,,,2063.0
DE0 2 coal,coal,17.4,DE0 2,,,2032.0
DE0 F coal,coal,31.0,DE0 F,,,2042.0
DE0 F coal,coal,33.0,DE0 F,,,2039.0
DE0 F coal,coal,33.0,DE0 F,,,2035.0
DE0 7 coal,coal,61.5,DE0 7,,,2038.0
DE0 7 coal,coal,61.5,DE0 7,,,2039.0
DE0 A coal,coal,70.0,DE0 A,,,2035.0
DE0 7 coal,coal,510.0,DE0 7,,,2042.0
DE0 F coal,coal,194.0,DE0 F,,,2043.0
DE0 F coal,coal,123.0,DE0 F,,,2032.0
DE0 F coal,coal,137.0,DE0 F,,,2031.0
DE0 A coal,coal,763.7,DE0 A,,,2064.0
DE0 9 coal,coal,136.0,DE0 9,,,2039.0
DE0 9 coal,coal,136.0,DE0 9,,,2039.0
DE0 1 coal,coal,125.0,DE0 1,,,2035.0
DE0 1 coal,coal,125.0,DE0 1,,,2036.0
DE0 1 coal,coal,778.0,DE0 1,,,2055.0
DE0 A coal,coal,449.0,DE0 A,,,2059.0
DE0 9 coal,coal,690.0,DE0 9,,,2049.0
DE0 A coal,coal,794.0,DE0 A,,,2055.0
DE0 7 coal,coal,66.0,DE0 7,,,2039.0
DE0 B coal,coal,13.4,DE0 B,,,2046.0
DE0 1 coal,coal,517.0,DE0 1,,,2055.0
DE0 1 coal,coal,834.0,DE0 1,,,2064.0
DE0 A coal,coal,110.0,DE0 A,,,2021.0
DE0 1 coal,coal,255.0,DE0 1,,,2055.0
DE0 1 coal,coal,425.0,DE0 1,,,2032.0
DE0 1 coal,coal,435.0,DE0 1,,,2043.0
DE0 1 coal,coal,843.0,DE0 1,,,2065.0
DE0 A coal,coal,55.56,DE0 A,,,2021.0
DE0 A coal,coal,68.4,DE0 A,,,2033.0
DE0 7 coal,coal,54.0,DE0 7,,,2040.0
DE0 A coal,coal,875.0,DE0 A,,,2037.0
DE0 1 coal,coal,26.9,DE0 1,,,2040.0
DE0 C coal,coal,655.6,DE0 C,,,2026.0
DE0 8 coal,coal,514.0,DE0 8,,,2044.0
DE0 C coal,coal,50.0,DE0 C,,,2058.0
DE0 2 coal,coal,24.79,DE0 2,,,2020.0
DE0 1 coal,coal,45.0,DE0 1,,,2032.0
DE0 1 coal,coal,45.0,DE0 1,,,2034.0
DE0 2 coal,coal,332.7,DE0 2,,,2041.0
DE0 C coal,coal,179.0,DE0 C,,,2032.0
DE0 C coal,coal,211.0,DE0 C,,,2039.0
DE0 1 coal,coal,96.0,DE0 1,,,2034.0
DE0 1 coal,coal,148.0,DE0 1,,,2037.0
DE0 9 coal,coal,757.0,DE0 9,,,2026.0
DE0 7 coal,coal,61.5,DE0 7,,,2050.0
DE0 9 coal,coal,61.5,DE0 9,,,2050.0
DE0 7 coal,coal,138.5,DE0 7,,,2035.0
DE0 9 coal,coal,138.5,DE0 9,,,2035.0
DE0 2 coal,coal,472.0,DE0 2,,,2055.0
DE0 1 coal,coal,20.7,DE0 1,,,2042.0
DE0 A coal,coal,735.0,DE0 A,,,2063.0
DE0 F coal,coal,800.0,DE0 F,,,2065.0
DE0 F coal,coal,800.0,DE0 F,,,2065.0
DE0 9 coal,coal,731.0,DE0 9,,,2065.0
DE0 1 biomass,biomass,3.952,DE0 1,,,2049.0
DE0 2 biomass,biomass,3.0845,DE0 2,,,2049.0
DE0 4 biomass,biomass,0.6010000000000001,DE0 4,,,2049.0
DE0 7 biomass,biomass,1.249,DE0 7,,,2049.0
DE0 8 biomass,biomass,0.799,DE0 8,,,2049.0
DE0 9 biomass,biomass,4.2330000000000005,DE0 9,,,2049.0
DE0 A biomass,biomass,4.303,DE0 A,,,2049.0
DE0 B biomass,biomass,0.15,DE0 B,,,2049.0
DE0 D biomass,biomass,0.1589999999999999,DE0 D,,,2049.0
DE0 E biomass,biomass,0.188,DE0 E,,,2049.0
DE0 F biomass,biomass,0.6749999999999999,DE0 F,,,2049.0
DE0 G biomass,biomass,0.075,DE0 G,,,2049.0
DE0 1 biomass,biomass,14.3135,DE0 1,,,2048.0
DE0 2 biomass,biomass,9.3855,DE0 2,,,2048.0
DE0 4 biomass,biomass,0.5542,DE0 4,,,2048.0
DE0 7 biomass,biomass,0.8099999999999999,DE0 7,,,2048.0
DE0 8 biomass,biomass,1.848,DE0 8,,,2048.0
DE0 9 biomass,biomass,4.3205,DE0 9,,,2048.0
DE0 A biomass,biomass,11.92,DE0 A,,,2048.0
DE0 B biomass,biomass,0.192,DE0 B,,,2048.0
DE0 D biomass,biomass,0.7050000000000001,DE0 D,,,2048.0
DE0 E biomass,biomass,2.91,DE0 E,,,2048.0
DE0 F biomass,biomass,3.633,DE0 F,,,2048.0
DE0 G biomass,biomass,0.15,DE0 G,,,2048.0
DE0 1 biomass,biomass,1.8193,DE0 1,,,2047.0
DE0 2 biomass,biomass,3.6863,DE0 2,,,2047.0
DE0 4 biomass,biomass,0.775,DE0 4,,,2047.0
DE0 7 biomass,biomass,0.635,DE0 7,,,2047.0
DE0 8 biomass,biomass,0.525,DE0 8,,,2047.0
DE0 9 biomass,biomass,3.0325,DE0 9,,,2047.0
DE0 A biomass,biomass,2.547,DE0 A,,,2047.0
DE0 B biomass,biomass,0.3,DE0 B,,,2047.0
DE0 D biomass,biomass,1.032,DE0 D,,,2047.0
DE0 E biomass,biomass,0.2249999999999999,DE0 E,,,2047.0
DE0 F biomass,biomass,1.6809999999999998,DE0 F,,,2047.0
DE0 G biomass,biomass,0.325,DE0 G,,,2047.0
DE0 1 biomass,biomass,2.248,DE0 1,,,2046.0
DE0 2 biomass,biomass,4.5344,DE0 2,,,2046.0
DE0 4 biomass,biomass,2.497,DE0 4,,,2046.0
DE0 7 biomass,biomass,2.255,DE0 7,,,2046.0
DE0 8 biomass,biomass,0.6599999999999999,DE0 8,,,2046.0
DE0 9 biomass,biomass,8.791,DE0 9,,,2046.0
DE0 A biomass,biomass,1.854,DE0 A,,,2046.0
DE0 B biomass,biomass,0.3,DE0 B,,,2046.0
DE0 C biomass,biomass,0.2249999999999999,DE0 C,,,2046.0
DE0 D biomass,biomass,1.841,DE0 D,,,2046.0
DE0 E biomass,biomass,0.745,DE0 E,,,2046.0
DE0 F biomass,biomass,0.632,DE0 F,,,2046.0
DE0 G biomass,biomass,0.195,DE0 G,,,2046.0
DE0 1 biomass,biomass,2.942,DE0 1,,,2045.0
DE0 2 biomass,biomass,2.1987,DE0 2,,,2045.0
DE0 4 biomass,biomass,1.3964,DE0 4,,,2045.0
DE0 7 biomass,biomass,2.137,DE0 7,,,2045.0
DE0 8 biomass,biomass,0.375,DE0 8,,,2045.0
DE0 9 biomass,biomass,1.8137,DE0 9,,,2045.0
DE0 A biomass,biomass,1.183,DE0 A,,,2045.0
DE0 B biomass,biomass,0.8049999999999999,DE0 B,,,2045.0
DE0 D biomass,biomass,0.96,DE0 D,,,2045.0
DE0 E biomass,biomass,0.2760599999999999,DE0 E,,,2045.0
DE0 F biomass,biomass,0.446,DE0 F,,,2045.0
DE0 G biomass,biomass,0.55,DE0 G,,,2045.0
DE0 1 biomass,biomass,14.512,DE0 1,,,2044.0
DE0 2 biomass,biomass,33.2959,DE0 2,,,2044.0
DE0 4 biomass,biomass,28.9879,DE0 4,,,2044.0
DE0 7 biomass,biomass,18.2155,DE0 7,,,2044.0
DE0 8 biomass,biomass,12.839,DE0 8,,,2044.0
DE0 9 biomass,biomass,33.79904,DE0 9,,,2044.0
DE0 A biomass,biomass,26.30152,DE0 A,,,2044.0
DE0 B biomass,biomass,2.637,DE0 B,,,2044.0
DE0 C biomass,biomass,0.6,DE0 C,,,2044.0
DE0 D biomass,biomass,16.3549,DE0 D,,,2044.0
DE0 E biomass,biomass,19.444,DE0 E,,,2044.0
DE0 F biomass,biomass,11.5824,DE0 F,,,2044.0
DE0 G biomass,biomass,3.907,DE0 G,,,2044.0
DE0 1 biomass,biomass,29.4845,DE0 1,,,2043.0
DE0 2 biomass,biomass,30.8238,DE0 2,,,2043.0
DE0 4 biomass,biomass,23.6997,DE0 4,,,2043.0
DE0 7 biomass,biomass,14.404,DE0 7,,,2043.0
DE0 8 biomass,biomass,17.5597,DE0 8,,,2043.0
DE0 9 biomass,biomass,45.4527,DE0 9,,,2043.0
DE0 A biomass,biomass,28.3377,DE0 A,,,2043.0
DE0 B biomass,biomass,5.036,DE0 B,,,2043.0
DE0 C biomass,biomass,0.6,DE0 C,,,2043.0
DE0 D biomass,biomass,24.8183,DE0 D,,,2043.0
DE0 E biomass,biomass,15.871,DE0 E,,,2043.0
DE0 F biomass,biomass,20.587,DE0 F,,,2043.0
DE0 G biomass,biomass,10.477,DE0 G,,,2043.0
DE0 1 biomass,biomass,37.3284,DE0 1,,,2042.0
DE0 2 biomass,biomass,46.31496,DE0 2,,,2042.0
DE0 4 biomass,biomass,21.345,DE0 4,,,2042.0
DE0 7 biomass,biomass,18.6202,DE0 7,,,2042.0
DE0 8 biomass,biomass,11.722,DE0 8,,,2042.0
DE0 9 biomass,biomass,48.3845,DE0 9,,,2042.0
DE0 A biomass,biomass,37.608,DE0 A,,,2042.0
DE0 B biomass,biomass,6.871,DE0 B,,,2042.0
DE0 C biomass,biomass,0.252,DE0 C,,,2042.0
DE0 D biomass,biomass,19.968,DE0 D,,,2042.0
DE0 E biomass,biomass,18.5522,DE0 E,,,2042.0
DE0 F biomass,biomass,12.697,DE0 F,,,2042.0
DE0 G biomass,biomass,18.887,DE0 G,,,2042.0
DE0 1 biomass,biomass,94.2322,DE0 1,,,2041.0
DE0 2 biomass,biomass,215.7435,DE0 2,,,2041.0
DE0 4 biomass,biomass,58.709,DE0 4,,,2041.0
DE0 7 biomass,biomass,39.2756,DE0 7,,,2041.0
DE0 8 biomass,biomass,72.737,DE0 8,,,2041.0
DE0 9 biomass,biomass,355.15160000000003,DE0 9,,,2041.0
DE0 A biomass,biomass,142.2621,DE0 A,,,2041.0
DE0 B biomass,biomass,16.4535,DE0 B,,,2041.0
DE0 C biomass,biomass,2.7825,DE0 C,,,2041.0
DE0 D biomass,biomass,31.857,DE0 D,,,2041.0
DE0 E biomass,biomass,59.9309,DE0 E,,,2041.0
DE0 F biomass,biomass,122.6125,DE0 F,,,2041.0
DE0 G biomass,biomass,21.434,DE0 G,,,2041.0
DE0 1 biomass,biomass,67.57365,DE0 1,,,2040.0
DE0 2 biomass,biomass,196.3513,DE0 2,,,2040.0
DE0 4 biomass,biomass,28.959,DE0 4,,,2040.0
DE0 7 biomass,biomass,21.631,DE0 7,,,2040.0
DE0 8 biomass,biomass,25.884,DE0 8,,,2040.0
DE0 9 biomass,biomass,186.4409,DE0 9,,,2040.0
DE0 A biomass,biomass,70.76836,DE0 A,,,2040.0
DE0 B biomass,biomass,7.046,DE0 B,,,2040.0
DE0 C biomass,biomass,0.495,DE0 C,,,2040.0
DE0 D biomass,biomass,19.719,DE0 D,,,2040.0
DE0 E biomass,biomass,26.366,DE0 E,,,2040.0
DE0 F biomass,biomass,95.629,DE0 F,,,2040.0
DE0 G biomass,biomass,13.866,DE0 G,,,2040.0
DE0 1 biomass,biomass,51.62645,DE0 1,,,2039.0
DE0 2 biomass,biomass,115.04392,DE0 2,,,2039.0
DE0 4 biomass,biomass,23.631,DE0 4,,,2039.0
DE0 7 biomass,biomass,25.13295,DE0 7,,,2039.0
DE0 8 biomass,biomass,17.772000000000002,DE0 8,,,2039.0
DE0 9 biomass,biomass,107.141675,DE0 9,,,2039.0
DE0 A biomass,biomass,46.3949,DE0 A,,,2039.0
DE0 B biomass,biomass,15.793,DE0 B,,,2039.0
DE0 C biomass,biomass,2.0,DE0 C,,,2039.0
DE0 D biomass,biomass,23.092,DE0 D,,,2039.0
DE0 E biomass,biomass,31.1002,DE0 E,,,2039.0
DE0 F biomass,biomass,63.9818,DE0 F,,,2039.0
DE0 G biomass,biomass,13.548,DE0 G,,,2039.0
DE0 1 biomass,biomass,36.462,DE0 1,,,2038.0
DE0 2 biomass,biomass,81.5455,DE0 2,,,2038.0
DE0 4 biomass,biomass,24.426,DE0 4,,,2038.0
DE0 7 biomass,biomass,14.489,DE0 7,,,2038.0
DE0 8 biomass,biomass,19.683,DE0 8,,,2038.0
DE0 9 biomass,biomass,87.66399,DE0 9,,,2038.0
DE0 A biomass,biomass,27.9975,DE0 A,,,2038.0
DE0 B biomass,biomass,6.9545,DE0 B,,,2038.0
DE0 D biomass,biomass,5.194,DE0 D,,,2038.0
DE0 E biomass,biomass,41.877,DE0 E,,,2038.0
DE0 F biomass,biomass,43.8555,DE0 F,,,2038.0
DE0 G biomass,biomass,22.287000000000003,DE0 G,,,2038.0
DE0 1 biomass,biomass,70.0671,DE0 1,,,2037.0
DE0 2 biomass,biomass,152.1493,DE0 2,,,2037.0
DE0 4 biomass,biomass,34.276,DE0 4,,,2037.0
DE0 7 biomass,biomass,18.16197,DE0 7,,,2037.0
DE0 8 biomass,biomass,59.16715,DE0 8,,,2037.0
DE0 9 biomass,biomass,145.957,DE0 9,,,2037.0
DE0 A biomass,biomass,59.411111,DE0 A,,,2037.0
DE0 B biomass,biomass,11.289,DE0 B,,,2037.0
DE0 D biomass,biomass,27.5677,DE0 D,,,2037.0
DE0 E biomass,biomass,40.6643,DE0 E,,,2037.0
DE0 F biomass,biomass,64.487,DE0 F,,,2037.0
DE0 G biomass,biomass,27.282,DE0 G,,,2037.0
DE0 1 biomass,biomass,87.514,DE0 1,,,2036.0
DE0 2 biomass,biomass,266.25926,DE0 2,,,2036.0
DE0 4 biomass,biomass,48.565,DE0 4,,,2036.0
DE0 7 biomass,biomass,18.4577,DE0 7,,,2036.0
DE0 8 biomass,biomass,42.617,DE0 8,,,2036.0
DE0 9 biomass,biomass,216.4883,DE0 9,,,2036.0
DE0 A biomass,biomass,105.2172,DE0 A,,,2036.0
DE0 B biomass,biomass,33.2065,DE0 B,,,2036.0
DE0 C biomass,biomass,1.4153,DE0 C,,,2036.0
DE0 D biomass,biomass,25.154,DE0 D,,,2036.0
DE0 E biomass,biomass,32.695,DE0 E,,,2036.0
DE0 F biomass,biomass,60.662,DE0 F,,,2036.0
DE0 G biomass,biomass,32.3838,DE0 G,,,2036.0
DE0 1 biomass,biomass,105.52185,DE0 1,,,2035.0
DE0 2 biomass,biomass,254.11345,DE0 2,,,2035.0
DE0 4 biomass,biomass,21.23,DE0 4,,,2035.0
DE0 7 biomass,biomass,11.3956,DE0 7,,,2035.0
DE0 8 biomass,biomass,30.728,DE0 8,,,2035.0
DE0 9 biomass,biomass,156.842,DE0 9,,,2035.0
DE0 A biomass,biomass,83.614,DE0 A,,,2035.0
DE0 B biomass,biomass,18.2691,DE0 B,,,2035.0
DE0 C biomass,biomass,0.0106,DE0 C,,,2035.0
DE0 D biomass,biomass,7.6023,DE0 D,,,2035.0
DE0 E biomass,biomass,22.763,DE0 E,,,2035.0
DE0 F biomass,biomass,46.004000000000005,DE0 F,,,2035.0
DE0 G biomass,biomass,35.075,DE0 G,,,2035.0
DE0 1 biomass,biomass,86.8017,DE0 1,,,2034.0
DE0 2 biomass,biomass,118.7576,DE0 2,,,2034.0
DE0 4 biomass,biomass,53.33,DE0 4,,,2034.0
DE0 7 biomass,biomass,17.3063,DE0 7,,,2034.0
DE0 8 biomass,biomass,8.065999999999999,DE0 8,,,2034.0
DE0 9 biomass,biomass,70.762,DE0 9,,,2034.0
DE0 A biomass,biomass,65.5555,DE0 A,,,2034.0
DE0 B biomass,biomass,14.527,DE0 B,,,2034.0
DE0 D biomass,biomass,24.226,DE0 D,,,2034.0
DE0 E biomass,biomass,147.66400000000002,DE0 E,,,2034.0
DE0 F biomass,biomass,10.375,DE0 F,,,2034.0
DE0 G biomass,biomass,4.4523,DE0 G,,,2034.0
DE0 1 biomass,biomass,34.81,DE0 1,,,2033.0
DE0 2 biomass,biomass,33.6315,DE0 2,,,2033.0
DE0 4 biomass,biomass,25.335,DE0 4,,,2033.0
DE0 7 biomass,biomass,23.525,DE0 7,,,2033.0
DE0 8 biomass,biomass,11.536,DE0 8,,,2033.0
DE0 9 biomass,biomass,49.22,DE0 9,,,2033.0
DE0 A biomass,biomass,8.880700000000001,DE0 A,,,2033.0
DE0 B biomass,biomass,8.576,DE0 B,,,2033.0
DE0 C biomass,biomass,0.011,DE0 C,,,2033.0
DE0 D biomass,biomass,14.721,DE0 D,,,2033.0
DE0 E biomass,biomass,3.33,DE0 E,,,2033.0
DE0 G biomass,biomass,2.522,DE0 G,,,2033.0
DE0 1 biomass,biomass,16.093799999999998,DE0 1,,,2032.0
DE0 2 biomass,biomass,23.98486,DE0 2,,,2032.0
DE0 4 biomass,biomass,40.504000000000005,DE0 4,,,2032.0
DE0 7 biomass,biomass,2.06,DE0 7,,,2032.0
DE0 8 biomass,biomass,2.573,DE0 8,,,2032.0
DE0 9 biomass,biomass,31.147,DE0 9,,,2032.0
DE0 A biomass,biomass,5.851,DE0 A,,,2032.0
DE0 B biomass,biomass,6.453,DE0 B,,,2032.0
DE0 D biomass,biomass,8.309000000000001,DE0 D,,,2032.0
DE0 E biomass,biomass,9.405,DE0 E,,,2032.0
DE0 F biomass,biomass,1.942,DE0 F,,,2032.0
DE0 G biomass,biomass,11.913,DE0 G,,,2032.0
DE0 1 biomass,biomass,21.492,DE0 1,,,2031.0
DE0 2 biomass,biomass,70.744,DE0 2,,,2031.0
DE0 4 biomass,biomass,23.723,DE0 4,,,2031.0
DE0 7 biomass,biomass,2.5865,DE0 7,,,2031.0
DE0 8 biomass,biomass,3.844,DE0 8,,,2031.0
DE0 9 biomass,biomass,20.755,DE0 9,,,2031.0
DE0 A biomass,biomass,28.781,DE0 A,,,2031.0
DE0 B biomass,biomass,2.7683,DE0 B,,,2031.0
DE0 C biomass,biomass,0.5,DE0 C,,,2031.0
DE0 D biomass,biomass,3.785,DE0 D,,,2031.0
DE0 E biomass,biomass,5.117,DE0 E,,,2031.0
DE0 F biomass,biomass,1.02,DE0 F,,,2031.0
DE0 G biomass,biomass,3.992,DE0 G,,,2031.0
DE0 1 biomass,biomass,32.59,DE0 1,,,2030.0
DE0 2 biomass,biomass,38.226,DE0 2,,,2030.0
DE0 4 biomass,biomass,5.438,DE0 4,,,2030.0
DE0 7 biomass,biomass,6.929,DE0 7,,,2030.0
DE0 8 biomass,biomass,1.367,DE0 8,,,2030.0
DE0 9 biomass,biomass,22.0095,DE0 9,,,2030.0
DE0 A biomass,biomass,66.279,DE0 A,,,2030.0
DE0 B biomass,biomass,3.0163,DE0 B,,,2030.0
DE0 C biomass,biomass,0.655,DE0 C,,,2030.0
DE0 D biomass,biomass,10.691,DE0 D,,,2030.0
DE0 E biomass,biomass,2.831,DE0 E,,,2030.0
DE0 F biomass,biomass,2.488,DE0 F,,,2030.0
DE0 G biomass,biomass,4.976500000000001,DE0 G,,,2030.0
DE0 1 biomass,biomass,4.188,DE0 1,,,2029.0
DE0 2 biomass,biomass,6.4888,DE0 2,,,2029.0
DE0 4 biomass,biomass,4.601,DE0 4,,,2029.0
DE0 7 biomass,biomass,4.355,DE0 7,,,2029.0
DE0 8 biomass,biomass,1.645,DE0 8,,,2029.0
DE0 9 biomass,biomass,0.908,DE0 9,,,2029.0
DE0 A biomass,biomass,5.3740000000000006,DE0 A,,,2029.0
DE0 B biomass,biomass,4.803,DE0 B,,,2029.0
DE0 C biomass,biomass,2.61,DE0 C,,,2029.0
DE0 D biomass,biomass,3.461,DE0 D,,,2029.0
DE0 1 biomass,biomass,6.0085,DE0 1,,,2028.0
DE0 2 biomass,biomass,3.195,DE0 2,,,2028.0
DE0 7 biomass,biomass,13.846,DE0 7,,,2028.0
DE0 8 biomass,biomass,6.82,DE0 8,,,2028.0
DE0 9 biomass,biomass,3.589,DE0 9,,,2028.0
DE0 A biomass,biomass,1.635,DE0 A,,,2028.0
DE0 B biomass,biomass,0.445,DE0 B,,,2028.0
DE0 D biomass,biomass,1.089,DE0 D,,,2028.0
DE0 E biomass,biomass,0.748,DE0 E,,,2028.0
DE0 1 biomass,biomass,5.058,DE0 1,,,2027.0
DE0 2 biomass,biomass,7.858,DE0 2,,,2027.0
DE0 4 biomass,biomass,5.712,DE0 4,,,2027.0
DE0 8 biomass,biomass,6.774,DE0 8,,,2027.0
DE0 9 biomass,biomass,3.617,DE0 9,,,2027.0
DE0 A biomass,biomass,6.812,DE0 A,,,2027.0
DE0 B biomass,biomass,1.584,DE0 B,,,2027.0
DE0 D biomass,biomass,3.067,DE0 D,,,2027.0
DE0 E biomass,biomass,0.4499999999999999,DE0 E,,,2027.0
DE0 F biomass,biomass,0.605,DE0 F,,,2027.0
DE0 G biomass,biomass,1.485,DE0 G,,,2027.0
DE0 1 biomass,biomass,1.461,DE0 1,,,2026.0
DE0 2 biomass,biomass,2.015,DE0 2,,,2026.0
DE0 8 biomass,biomass,0.33,DE0 8,,,2026.0
DE0 9 biomass,biomass,3.944,DE0 9,,,2026.0
DE0 A biomass,biomass,4.95,DE0 A,,,2026.0
DE0 B biomass,biomass,0.87,DE0 B,,,2026.0
DE0 D biomass,biomass,0.167,DE0 D,,,2026.0
DE0 1 biomass,biomass,4.721,DE0 1,,,2025.0
DE0 2 biomass,biomass,0.601,DE0 2,,,2025.0
DE0 4 biomass,biomass,0.25,DE0 4,,,2025.0
DE0 7 biomass,biomass,1.039,DE0 7,,,2025.0
DE0 8 biomass,biomass,4.128,DE0 8,,,2025.0
DE0 9 biomass,biomass,0.338,DE0 9,,,2025.0
DE0 A biomass,biomass,1.3,DE0 A,,,2025.0
DE0 B biomass,biomass,1.892,DE0 B,,,2025.0
DE0 D biomass,biomass,0.55,DE0 D,,,2025.0
DE0 F biomass,biomass,0.568,DE0 F,,,2025.0
DE0 G biomass,biomass,1.835,DE0 G,,,2025.0
DE0 1 biomass,biomass,16.514,DE0 1,,,2024.0
DE0 2 biomass,biomass,1.238,DE0 2,,,2024.0
DE0 4 biomass,biomass,5.26,DE0 4,,,2024.0
DE0 7 biomass,biomass,0.956,DE0 7,,,2024.0
DE0 9 biomass,biomass,2.78,DE0 9,,,2024.0
DE0 B biomass,biomass,0.508,DE0 B,,,2024.0
DE0 F biomass,biomass,1.0,DE0 F,,,2024.0
DE0 G biomass,biomass,1.92,DE0 G,,,2024.0
DE0 1 biomass,biomass,0.288,DE0 1,,,2023.0
DE0 2 biomass,biomass,0.4462,DE0 2,,,2023.0
DE0 7 biomass,biomass,0.112,DE0 7,,,2023.0
DE0 A biomass,biomass,3.972,DE0 A,,,2023.0
DE0 B biomass,biomass,0.25,DE0 B,,,2023.0
DE0 D biomass,biomass,0.53,DE0 D,,,2023.0
DE0 F biomass,biomass,1.5,DE0 F,,,2023.0
DE0 G biomass,biomass,28.0,DE0 G,,,2023.0
DE0 1 biomass,biomass,0.324,DE0 1,,,2022.0
DE0 2 biomass,biomass,0.4639999999999999,DE0 2,,,2022.0
DE0 7 biomass,biomass,0.748,DE0 7,,,2022.0
DE0 A biomass,biomass,2.635,DE0 A,,,2022.0
DE0 1 biomass,biomass,1.943,DE0 1,,,2021.0
DE0 2 biomass,biomass,0.245,DE0 2,,,2021.0
DE0 7 biomass,biomass,0.422,DE0 7,,,2021.0
DE0 A biomass,biomass,0.57,DE0 A,,,2021.0
DE0 B biomass,biomass,0.42,DE0 B,,,2021.0
DE0 D biomass,biomass,0.259,DE0 D,,,2021.0
DE0 1 biomass,biomass,0.269,DE0 1,,,2020.0
DE0 7 biomass,biomass,1.167,DE0 7,,,2020.0
DE0 9 biomass,biomass,3.116,DE0 9,,,2020.0
DE0 A biomass,biomass,0.36,DE0 A,,,2020.0
DE0 1 biomass,biomass,0.12,DE0 1,,,2019.0
DE0 9 biomass,biomass,0.1,DE0 9,,,2019.0
DE0 A biomass,biomass,0.2,DE0 A,,,2019.0
DE0 F biomass,biomass,3.5,DE0 F,,,2019.0
DE0 1 solar,solar,0.13038,DE0 1,,,2020.0
DE0 2 onwind,onwind,1.76,DE0 2,,,2020.0
DE0 2 solar,solar,0.0759,DE0 2,,,2020.0
DE0 4 onwind,onwind,12.08,DE0 4,,,2020.0
DE0 4 solar,solar,0.148346,DE0 4,,,2020.0
DE0 7 onwind,onwind,10.53,DE0 7,,,2020.0
DE0 7 solar,solar,0.0315,DE0 7,,,2020.0
DE0 8 onwind,onwind,23.18,DE0 8,,,2020.0
DE0 8 solar,solar,0.038233,DE0 8,,,2020.0
DE0 9 onwind,onwind,63.178,DE0 9,,,2020.0
DE0 9 solar,solar,0.09387,DE0 9,,,2020.0
DE0 A onwind,onwind,30.43,DE0 A,,,2020.0
DE0 A solar,solar,0.57464,DE0 A,,,2020.0
DE0 B onwind,onwind,3.47,DE0 B,,,2020.0
DE0 B solar,solar,0.02504,DE0 B,,,2020.0
DE0 C onwind,onwind,1.54,DE0 C,,,2020.0
DE0 C solar,solar,0.0113499999999999,DE0 C,,,2020.0
DE0 D onwind,onwind,20.965,DE0 D,,,2020.0
DE0 D solar,solar,0.01134,DE0 D,,,2020.0
DE0 E onwind,onwind,6.18,DE0 E,,,2020.0
DE0 E solar,solar,0.040501,DE0 E,,,2020.0
DE0 F onwind,onwind,94.488,DE0 F,,,2020.0
DE0 F solar,solar,0.12457,DE0 F,,,2020.0
DE0 G onwind,onwind,7.904999999999999,DE0 G,,,2020.0
DE0 G solar,solar,0.0653099999999999,DE0 G,,,2020.0
DE0 1 onwind,onwind,1.137,DE0 1,,,2021.0
DE0 1 solar,solar,0.821686,DE0 1,,,2021.0
DE0 2 onwind,onwind,0.18,DE0 2,,,2021.0
DE0 2 solar,solar,0.492005,DE0 2,,,2021.0
DE0 4 onwind,onwind,16.6,DE0 4,,,2021.0
DE0 4 solar,solar,0.09068,DE0 4,,,2021.0
DE0 7 onwind,onwind,26.9,DE0 7,,,2021.0
DE0 7 solar,solar,0.07804,DE0 7,,,2021.0
DE0 8 onwind,onwind,22.88,DE0 8,,,2021.0
DE0 8 solar,solar,0.037567,DE0 8,,,2021.0
DE0 9 onwind,onwind,46.393,DE0 9,,,2021.0
DE0 9 solar,solar,0.410618,DE0 9,,,2021.0
DE0 A onwind,onwind,28.44804,DE0 A,,,2021.0
DE0 A solar,solar,1.87506,DE0 A,,,2021.0
DE0 B onwind,onwind,3.65,DE0 B,,,2021.0
DE0 B solar,solar,0.05875,DE0 B,,,2021.0
DE0 C onwind,onwind,2.25,DE0 C,,,2021.0
DE0 C solar,solar,0.04708,DE0 C,,,2021.0
DE0 D onwind,onwind,28.2,DE0 D,,,2021.0
DE0 D solar,solar,0.062608,DE0 D,,,2021.0
DE0 E onwind,onwind,15.35,DE0 E,,,2021.0
DE0 E solar,solar,0.0095,DE0 E,,,2021.0
DE0 F onwind,onwind,24.4,DE0 F,,,2021.0
DE0 F solar,solar,0.248615,DE0 F,,,2021.0
DE0 G onwind,onwind,16.537,DE0 G,,,2021.0
DE0 G solar,solar,0.0403,DE0 G,,,2021.0
DE0 1 onwind,onwind,2.4,DE0 1,,,2022.0
DE0 1 solar,solar,0.546755,DE0 1,,,2022.0
DE0 2 onwind,onwind,1.67,DE0 2,,,2022.0
DE0 2 solar,solar,1.837818,DE0 2,,,2022.0
DE0 4 onwind,onwind,8.1,DE0 4,,,2022.0
DE0 4 solar,solar,0.190746,DE0 4,,,2022.0
DE0 7 onwind,onwind,18.0,DE0 7,,,2022.0
DE0 7 solar,solar,0.16154,DE0 7,,,2022.0
DE0 8 onwind,onwind,22.5,DE0 8,,,2022.0
DE0 8 solar,solar,0.023044,DE0 8,,,2022.0
DE0 9 onwind,onwind,51.46,DE0 9,,,2022.0
DE0 9 solar,solar,0.566339,DE0 9,,,2022.0
DE0 A onwind,onwind,37.6,DE0 A,,,2022.0
DE0 A solar,solar,2.334479,DE0 A,,,2022.0
DE0 B onwind,onwind,9.31,DE0 B,,,2022.0
DE0 B solar,solar,0.15637,DE0 B,,,2022.0
DE0 C onwind,onwind,0.5,DE0 C,,,2022.0
DE0 C solar,solar,0.18185,DE0 C,,,2022.0
DE0 D onwind,onwind,26.9,DE0 D,,,2022.0
DE0 D solar,solar,0.0409,DE0 D,,,2022.0
DE0 E onwind,onwind,31.75,DE0 E,,,2022.0
DE0 E solar,solar,0.03411,DE0 E,,,2022.0
DE0 F onwind,onwind,35.4,DE0 F,,,2022.0
DE0 F solar,solar,0.752807,DE0 F,,,2022.0
DE0 G onwind,onwind,22.05,DE0 G,,,2022.0
DE0 G solar,solar,0.0896,DE0 G,,,2022.0
DE0 1 onwind,onwind,1.4449999999999998,DE0 1,,,2023.0
DE0 1 solar,solar,0.586255,DE0 1,,,2023.0
DE0 2 onwind,onwind,3.6,DE0 2,,,2023.0
DE0 2 solar,solar,1.11072,DE0 2,,,2023.0
DE0 4 onwind,onwind,17.35,DE0 4,,,2023.0
DE0 4 solar,solar,0.229839,DE0 4,,,2023.0
DE0 7 onwind,onwind,18.05,DE0 7,,,2023.0
DE0 7 solar,solar,0.177074,DE0 7,,,2023.0
DE0 8 onwind,onwind,69.01,DE0 8,,,2023.0
DE0 8 solar,solar,0.0246,DE0 8,,,2023.0
DE0 9 onwind,onwind,111.43,DE0 9,,,2023.0
DE0 9 solar,solar,0.872806,DE0 9,,,2023.0
DE0 A onwind,onwind,56.2204,DE0 A,,,2023.0
DE0 A solar,solar,1.86696,DE0 A,,,2023.0
DE0 B onwind,onwind,15.0,DE0 B,,,2023.0
DE0 B solar,solar,0.08044,DE0 B,,,2023.0
DE0 C solar,solar,0.11673,DE0 C,,,2023.0
DE0 D onwind,onwind,30.36,DE0 D,,,2023.0
DE0 D solar,solar,0.04156,DE0 D,,,2023.0
DE0 E onwind,onwind,35.46,DE0 E,,,2023.0
DE0 E solar,solar,0.04666,DE0 E,,,2023.0
DE0 F onwind,onwind,56.35,DE0 F,,,2023.0
DE0 F solar,solar,0.575363,DE0 F,,,2023.0
DE0 G onwind,onwind,17.9,DE0 G,,,2023.0
DE0 G solar,solar,0.19339,DE0 G,,,2023.0
DE0 1 solar,solar,1.180733,DE0 1,,,2024.0
DE0 2 onwind,onwind,4.01375,DE0 2,,,2024.0
DE0 2 solar,solar,1.686483,DE0 2,,,2024.0
DE0 4 onwind,onwind,49.3,DE0 4,,,2024.0
DE0 4 solar,solar,0.6193339999999999,DE0 4,,,2024.0
DE0 7 onwind,onwind,3.7,DE0 7,,,2024.0
DE0 7 solar,solar,0.567982,DE0 7,,,2024.0
DE0 8 onwind,onwind,139.08,DE0 8,,,2024.0
DE0 8 solar,solar,0.06946,DE0 8,,,2024.0
DE0 9 onwind,onwind,152.92,DE0 9,,,2024.0
DE0 9 solar,solar,1.111129,DE0 9,,,2024.0
DE0 A onwind,onwind,50.595,DE0 A,,,2024.0
DE0 A solar,solar,2.61179,DE0 A,,,2024.0
DE0 B onwind,onwind,19.42,DE0 B,,,2024.0
DE0 B solar,solar,0.23727,DE0 B,,,2024.0
DE0 C onwind,onwind,7.52,DE0 C,,,2024.0
DE0 C solar,solar,0.26327,DE0 C,,,2024.0
DE0 D onwind,onwind,117.37,DE0 D,,,2024.0
DE0 D solar,solar,0.030416,DE0 D,,,2024.0
DE0 E onwind,onwind,164.16,DE0 E,,,2024.0
DE0 E solar,solar,0.10395,DE0 E,,,2024.0
DE0 F onwind,onwind,265.02,DE0 F,,,2024.0
DE0 F solar,solar,0.553962,DE0 F,,,2024.0
DE0 G onwind,onwind,69.14,DE0 G,,,2024.0
DE0 G solar,solar,0.252192,DE0 G,,,2024.0
DE0 1 onwind,onwind,55.11,DE0 1,,,2025.0
DE0 1 solar,solar,7.931109,DE0 1,,,2025.0
DE0 2 onwind,onwind,12.11,DE0 2,,,2025.0
DE0 2 solar,solar,13.860597,DE0 2,,,2025.0
DE0 4 onwind,onwind,60.05,DE0 4,,,2025.0
DE0 4 solar,solar,0.957428,DE0 4,,,2025.0
DE0 7 onwind,onwind,40.58,DE0 7,,,2025.0
DE0 7 solar,solar,2.821467,DE0 7,,,2025.0
DE0 8 onwind,onwind,82.8505,DE0 8,,,2025.0
DE0 8 solar,solar,0.106422,DE0 8,,,2025.0
DE0 9 onwind,onwind,370.1,DE0 9,,,2025.0
DE0 9 solar,solar,3.691428,DE0 9,,,2025.0
DE0 A onwind,onwind,190.642,DE0 A,,,2025.0
DE0 A solar,solar,5.44203,DE0 A,,,2025.0
DE0 B onwind,onwind,56.7,DE0 B,,,2025.0
DE0 B solar,solar,0.85788,DE0 B,,,2025.0
DE0 C onwind,onwind,29.7615,DE0 C,,,2025.0
DE0 C solar,solar,0.5976,DE0 C,,,2025.0
DE0 D onwind,onwind,61.54,DE0 D,,,2025.0
DE0 D solar,solar,0.262875,DE0 D,,,2025.0
DE0 E onwind,onwind,187.34,DE0 E,,,2025.0
DE0 E solar,solar,0.315015,DE0 E,,,2025.0
DE0 F onwind,onwind,245.045,DE0 F,,,2025.0
DE0 F solar,solar,1.348608,DE0 F,,,2025.0
DE0 G onwind,onwind,66.47,DE0 G,,,2025.0
DE0 G solar,solar,0.983532,DE0 G,,,2025.0
DE0 1 onwind,onwind,52.564,DE0 1,,,2026.0
DE0 1 solar,solar,27.374873,DE0 1,,,2026.0
DE0 2 onwind,onwind,20.652,DE0 2,,,2026.0
DE0 2 solar,solar,35.257852,DE0 2,,,2026.0
DE0 4 onwind,onwind,225.75,DE0 4,,,2026.0
DE0 4 solar,solar,2.053373,DE0 4,,,2026.0
DE0 7 onwind,onwind,45.8,DE0 7,,,2026.0
DE0 7 solar,solar,8.142958,DE0 7,,,2026.0
DE0 8 onwind,onwind,280.21,DE0 8,,,2026.0
DE0 8 solar,solar,1.944259,DE0 8,,,2026.0
DE0 9 onwind,onwind,489.38,DE0 9,,,2026.0
DE0 9 solar,solar,8.090952,DE0 9,,,2026.0
DE0 A onwind,onwind,321.8798,DE0 A,,,2026.0
DE0 A solar,solar,11.87991,DE0 A,,,2026.0
DE0 B onwind,onwind,84.24,DE0 B,,,2026.0
DE0 B solar,solar,2.11126,DE0 B,,,2026.0
DE0 C onwind,onwind,22.01,DE0 C,,,2026.0
DE0 C solar,solar,1.44722,DE0 C,,,2026.0
DE0 D onwind,onwind,119.97,DE0 D,,,2026.0
DE0 D solar,solar,1.358368,DE0 D,,,2026.0
DE0 E onwind,onwind,322.75,DE0 E,,,2026.0
DE0 E solar,solar,1.328995,DE0 E,,,2026.0
DE0 F onwind,onwind,436.59,DE0 F,,,2026.0
DE0 F solar,solar,3.006586,DE0 F,,,2026.0
DE0 G onwind,onwind,102.703,DE0 G,,,2026.0
DE0 G solar,solar,3.810413,DE0 G,,,2026.0
DE0 1 onwind,onwind,49.04575,DE0 1,,,2027.0
DE0 1 solar,solar,30.026357,DE0 1,,,2027.0
DE0 2 onwind,onwind,28.9925,DE0 2,,,2027.0
DE0 2 solar,solar,45.260971,DE0 2,,,2027.0
DE0 4 onwind,onwind,391.4,DE0 4,,,2027.0
DE0 4 solar,solar,1.02661,DE0 4,,,2027.0
DE0 7 onwind,onwind,91.18,DE0 7,,,2027.0
DE0 7 solar,solar,7.219828,DE0 7,,,2027.0
DE0 8 onwind,onwind,100.8,DE0 8,,,2027.0
DE0 8 solar,solar,1.423814,DE0 8,,,2027.0
DE0 9 onwind,onwind,612.2,DE0 9,,,2027.0
DE0 9 solar,solar,5.640107,DE0 9,,,2027.0
DE0 A onwind,onwind,408.79084,DE0 A,,,2027.0
DE0 A solar,solar,9.797098,DE0 A,,,2027.0
DE0 B onwind,onwind,106.742,DE0 B,,,2027.0
DE0 B solar,solar,2.13744,DE0 B,,,2027.0
DE0 C onwind,onwind,49.93,DE0 C,,,2027.0
DE0 C solar,solar,0.74609,DE0 C,,,2027.0
DE0 D onwind,onwind,119.51,DE0 D,,,2027.0
DE0 D solar,solar,0.772071,DE0 D,,,2027.0
DE0 E onwind,onwind,483.96,DE0 E,,,2027.0
DE0 E solar,solar,1.005404,DE0 E,,,2027.0
DE0 F onwind,onwind,344.08,DE0 F,,,2027.0
DE0 F solar,solar,1.698766,DE0 F,,,2027.0
DE0 G onwind,onwind,191.375,DE0 G,,,2027.0
DE0 G solar,solar,2.858799,DE0 G,,,2027.0
DE0 1 onwind,onwind,35.404,DE0 1,,,2028.0
DE0 1 solar,solar,42.723511,DE0 1,,,2028.0
DE0 2 onwind,onwind,15.718,DE0 2,,,2028.0
DE0 2 solar,solar,62.593542,DE0 2,,,2028.0
DE0 4 onwind,onwind,518.53,DE0 4,,,2028.0
DE0 4 solar,solar,0.486003,DE0 4,,,2028.0
DE0 7 onwind,onwind,37.55,DE0 7,,,2028.0
DE0 7 solar,solar,10.059771,DE0 7,,,2028.0
DE0 8 onwind,onwind,143.22,DE0 8,,,2028.0
DE0 8 solar,solar,0.627144,DE0 8,,,2028.0
DE0 9 onwind,onwind,457.215,DE0 9,,,2028.0
DE0 9 solar,solar,5.209956,DE0 9,,,2028.0
DE0 A onwind,onwind,326.15,DE0 A,,,2028.0
DE0 A solar,solar,9.844015,DE0 A,,,2028.0
DE0 B onwind,onwind,97.25,DE0 B,,,2028.0
DE0 B solar,solar,1.70029,DE0 B,,,2028.0
DE0 C onwind,onwind,32.05,DE0 C,,,2028.0
DE0 C solar,solar,0.95547,DE0 C,,,2028.0
DE0 D onwind,onwind,160.15,DE0 D,,,2028.0
DE0 D solar,solar,0.687717,DE0 D,,,2028.0
DE0 E onwind,onwind,380.955,DE0 E,,,2028.0
DE0 E solar,solar,0.897429,DE0 E,,,2028.0
DE0 F onwind,onwind,306.48,DE0 F,,,2028.0
DE0 F solar,solar,1.905954,DE0 F,,,2028.0
DE0 G onwind,onwind,157.356,DE0 G,,,2028.0
DE0 G solar,solar,4.436913,DE0 G,,,2028.0
DE0 1 onwind,onwind,35.6,DE0 1,,,2029.0
DE0 1 solar,solar,133.461911,DE0 1,,,2029.0
DE0 2 onwind,onwind,27.7,DE0 2,,,2029.0
DE0 2 solar,solar,268.77375,DE0 2,,,2029.0
DE0 4 onwind,onwind,228.15,DE0 4,,,2029.0
DE0 4 solar,solar,3.228553,DE0 4,,,2029.0
DE0 7 onwind,onwind,55.8,DE0 7,,,2029.0
DE0 7 solar,solar,50.904683,DE0 7,,,2029.0
DE0 8 onwind,onwind,159.9,DE0 8,,,2029.0
DE0 8 solar,solar,3.701114,DE0 8,,,2029.0
DE0 9 onwind,onwind,465.85,DE0 9,,,2029.0
DE0 9 solar,solar,36.539491,DE0 9,,,2029.0
DE0 A onwind,onwind,228.1,DE0 A,,,2029.0
DE0 A solar,solar,58.33416,DE0 A,,,2029.0
DE0 B onwind,onwind,66.0,DE0 B,,,2029.0
DE0 B solar,solar,15.23931,DE0 B,,,2029.0
DE0 C onwind,onwind,43.9,DE0 C,,,2029.0
DE0 C solar,solar,14.85192,DE0 C,,,2029.0
DE0 D onwind,onwind,95.4,DE0 D,,,2029.0
DE0 D solar,solar,10.513031,DE0 D,,,2029.0
DE0 E onwind,onwind,274.35,DE0 E,,,2029.0
DE0 E solar,solar,6.163804,DE0 E,,,2029.0
DE0 F onwind,onwind,238.117,DE0 F,,,2029.0
DE0 F solar,solar,20.312526,DE0 F,,,2029.0
DE0 G onwind,onwind,79.804,DE0 G,,,2029.0
DE0 G solar,solar,32.365946,DE0 G,,,2029.0
DE0 1 onwind,onwind,21.48,DE0 1,,,2030.0
DE0 1 solar,solar,208.504588,DE0 1,,,2030.0
DE0 2 onwind,onwind,32.108,DE0 2,,,2030.0
DE0 2 solar,solar,328.455664,DE0 2,,,2030.0
DE0 4 onwind,onwind,346.1,DE0 4,,,2030.0
DE0 4 solar,solar,5.529904,DE0 4,,,2030.0
DE0 7 onwind,onwind,20.4,DE0 7,,,2030.0
DE0 7 solar,solar,83.77326,DE0 7,,,2030.0
DE0 8 onwind,onwind,75.4,DE0 8,,,2030.0
DE0 8 solar,solar,5.176956,DE0 8,,,2030.0
DE0 9 onwind,onwind,376.46,DE0 9,,,2030.0
DE0 9 solar,solar,58.338674,DE0 9,,,2030.0
DE0 A onwind,onwind,182.141,DE0 A,,,2030.0
DE0 A solar,solar,78.029787,DE0 A,,,2030.0
DE0 B onwind,onwind,76.5,DE0 B,,,2030.0
DE0 B solar,solar,31.46048,DE0 B,,,2030.0
DE0 C onwind,onwind,17.1,DE0 C,,,2030.0
DE0 C solar,solar,15.05011,DE0 C,,,2030.0
DE0 D onwind,onwind,84.7,DE0 D,,,2030.0
DE0 D solar,solar,19.369355,DE0 D,,,2030.0
DE0 E onwind,onwind,341.9,DE0 E,,,2030.0
DE0 E solar,solar,10.831572,DE0 E,,,2030.0
DE0 F onwind,onwind,121.32,DE0 F,,,2030.0
DE0 F solar,solar,36.580902,DE0 F,,,2030.0
DE0 G onwind,onwind,65.8146,DE0 G,,,2030.0
DE0 G solar,solar,40.445359,DE0 G,,,2030.0
DE0 1 onwind,onwind,61.6,DE0 1,,,2031.0
DE0 1 solar,solar,207.185715,DE0 1,,,2031.0
DE0 2 onwind,onwind,23.35,DE0 2,,,2031.0
DE0 2 solar,solar,246.730063,DE0 2,,,2031.0
DE0 4 onwind,onwind,296.4,DE0 4,,,2031.0
DE0 4 solar,solar,7.393903,DE0 4,,,2031.0
DE0 7 onwind,onwind,117.0,DE0 7,,,2031.0
DE0 7 solar,solar,78.904124,DE0 7,,,2031.0
DE0 8 onwind,onwind,213.01,DE0 8,,,2031.0
DE0 8 solar,solar,4.812689,DE0 8,,,2031.0
DE0 9 onwind,onwind,254.955,DE0 9,,,2031.0
DE0 9 solar,solar,61.616743,DE0 9,,,2031.0
DE0 A onwind,onwind,144.5,DE0 A,,,2031.0
DE0 A solar,solar,81.263847,DE0 A,,,2031.0
DE0 B onwind,onwind,114.8,DE0 B,,,2031.0
DE0 B solar,solar,36.82189,DE0 B,,,2031.0
DE0 C onwind,onwind,38.1,DE0 C,,,2031.0
DE0 C solar,solar,17.25158,DE0 C,,,2031.0
DE0 D onwind,onwind,184.75,DE0 D,,,2031.0
DE0 D solar,solar,11.818974,DE0 D,,,2031.0
DE0 E onwind,onwind,344.05,DE0 E,,,2031.0
DE0 E solar,solar,16.988107,DE0 E,,,2031.0
DE0 F onwind,onwind,270.3,DE0 F,,,2031.0
DE0 F solar,solar,34.592605,DE0 F,,,2031.0
DE0 G onwind,onwind,139.7,DE0 G,,,2031.0
DE0 G solar,solar,36.007394,DE0 G,,,2031.0
DE0 1 onwind,onwind,50.3,DE0 1,,,2032.0
DE0 1 solar,solar,273.854863,DE0 1,,,2032.0
DE0 2 onwind,onwind,39.0515,DE0 2,,,2032.0
DE0 2 solar,solar,397.192731,DE0 2,,,2032.0
DE0 4 onwind,onwind,173.45,DE0 4,,,2032.0
DE0 4 solar,solar,12.974136,DE0 4,,,2032.0
DE0 7 onwind,onwind,63.2,DE0 7,,,2032.0
DE0 7 solar,solar,111.32848,DE0 7,,,2032.0
DE0 8 onwind,onwind,103.8012,DE0 8,,,2032.0
DE0 8 solar,solar,8.723189,DE0 8,,,2032.0
DE0 9 onwind,onwind,250.1,DE0 9,,,2032.0
DE0 9 solar,solar,72.732506,DE0 9,,,2032.0
DE0 A onwind,onwind,157.375,DE0 A,,,2032.0
DE0 A solar,solar,113.443859,DE0 A,,,2032.0
DE0 B onwind,onwind,92.7,DE0 B,,,2032.0
DE0 B solar,solar,45.744232,DE0 B,,,2032.0
DE0 C onwind,onwind,52.8,DE0 C,,,2032.0
DE0 C solar,solar,37.09124,DE0 C,,,2032.0
DE0 D onwind,onwind,57.602,DE0 D,,,2032.0
DE0 D solar,solar,45.920775,DE0 D,,,2032.0
DE0 E onwind,onwind,275.15,DE0 E,,,2032.0
DE0 E solar,solar,27.596896,DE0 E,,,2032.0
DE0 F onwind,onwind,284.4845,DE0 F,,,2032.0
DE0 F solar,solar,50.06651,DE0 F,,,2032.0
DE0 G onwind,onwind,80.2,DE0 G,,,2032.0
DE0 G solar,solar,54.43257,DE0 G,,,2032.0
DE0 1 onwind,onwind,18.0,DE0 1,,,2033.0
DE0 1 solar,solar,405.581531,DE0 1,,,2033.0
DE0 2 onwind,onwind,4.892,DE0 2,,,2033.0
DE0 2 solar,solar,622.773678,DE0 2,,,2033.0
DE0 4 onwind,onwind,131.65,DE0 4,,,2033.0
DE0 4 solar,solar,31.998148,DE0 4,,,2033.0
DE0 7 onwind,onwind,5.0,DE0 7,,,2033.0
DE0 7 solar,solar,156.464317,DE0 7,,,2033.0
DE0 8 onwind,onwind,44.8,DE0 8,,,2033.0
DE0 8 solar,solar,18.837762,DE0 8,,,2033.0
DE0 9 onwind,onwind,147.5,DE0 9,,,2033.0
DE0 9 solar,solar,111.871149,DE0 9,,,2033.0
DE0 A onwind,onwind,29.4,DE0 A,,,2033.0
DE0 A solar,solar,179.582357,DE0 A,,,2033.0
DE0 B onwind,onwind,28.0,DE0 B,,,2033.0
DE0 B solar,solar,98.684337,DE0 B,,,2033.0
DE0 C onwind,onwind,12.0,DE0 C,,,2033.0
DE0 C solar,solar,43.01541,DE0 C,,,2033.0
DE0 D onwind,onwind,16.1,DE0 D,,,2033.0
DE0 D solar,solar,85.465249,DE0 D,,,2033.0
DE0 E onwind,onwind,183.1,DE0 E,,,2033.0
DE0 E solar,solar,64.279144,DE0 E,,,2033.0
DE0 F onwind,onwind,129.42,DE0 F,,,2033.0
DE0 F solar,solar,74.662962,DE0 F,,,2033.0
DE0 G onwind,onwind,14.8,DE0 G,,,2033.0
DE0 G solar,solar,80.165751,DE0 G,,,2033.0
DE0 1 onwind,onwind,36.806,DE0 1,,,2034.0
DE0 1 solar,solar,658.363703,DE0 1,,,2034.0
DE0 2 onwind,onwind,45.6125,DE0 2,,,2034.0
DE0 2 solar,solar,1513.502923,DE0 2,,,2034.0
DE0 4 onwind,onwind,488.997,DE0 4,,,2034.0
DE0 4 solar,solar,119.040149,DE0 4,,,2034.0
DE0 7 onwind,onwind,72.6118,DE0 7,,,2034.0
DE0 7 solar,solar,290.734035,DE0 7,,,2034.0
DE0 8 onwind,onwind,154.7,DE0 8,,,2034.0
DE0 8 solar,solar,57.896624,DE0 8,,,2034.0
DE0 9 onwind,onwind,420.2696,DE0 9,,,2034.0
DE0 9 solar,solar,383.476079,DE0 9,,,2034.0
DE0 A onwind,onwind,215.106,DE0 A,,,2034.0
DE0 A solar,solar,446.055945,DE0 A,,,2034.0
DE0 B onwind,onwind,87.65,DE0 B,,,2034.0
DE0 B solar,solar,138.24566,DE0 B,,,2034.0
DE0 C onwind,onwind,56.1,DE0 C,,,2034.0
DE0 C solar,solar,79.45836,DE0 C,,,2034.0
DE0 D onwind,onwind,209.5,DE0 D,,,2034.0
DE0 D solar,solar,176.416915,DE0 D,,,2034.0
DE0 E onwind,onwind,406.6,DE0 E,,,2034.0
DE0 E solar,solar,131.128218,DE0 E,,,2034.0
DE0 F offwind-ac,offwind-ac,20.0,DE0 F,,,2034.0
DE0 F offwind-dc,offwind-dc,15.0,DE0 F,,,2034.0
DE0 F onwind,onwind,399.1408,DE0 F,,,2034.0
DE0 F solar,solar,233.64594,DE0 F,,,2034.0
DE0 G onwind,onwind,77.65,DE0 G,,,2034.0
DE0 G solar,solar,196.249556,DE0 G,,,2034.0
DE0 1 onwind,onwind,3.11135,DE0 1,,,2035.0
DE0 1 solar,solar,1035.455688,DE0 1,,,2035.0
DE0 2 onwind,onwind,32.7161,DE0 2,,,2035.0
DE0 2 solar,solar,2024.651474,DE0 2,,,2035.0
DE0 4 onwind,onwind,149.0,DE0 4,,,2035.0
DE0 4 solar,solar,253.925821,DE0 4,,,2035.0
DE0 7 onwind,onwind,78.862,DE0 7,,,2035.0
DE0 7 solar,solar,534.915135,DE0 7,,,2035.0
DE0 8 onwind,onwind,59.7505,DE0 8,,,2035.0
DE0 8 solar,solar,151.991224,DE0 8,,,2035.0
DE0 9 onwind,onwind,243.8458,DE0 9,,,2035.0
DE0 9 solar,solar,785.74356,DE0 9,,,2035.0
DE0 A onwind,onwind,80.458,DE0 A,,,2035.0
DE0 A solar,solar,812.163877,DE0 A,,,2035.0
DE0 B onwind,onwind,77.28125,DE0 B,,,2035.0
DE0 B solar,solar,267.578342,DE0 B,,,2035.0
DE0 C onwind,onwind,36.8,DE0 C,,,2035.0
DE0 C solar,solar,139.26288,DE0 C,,,2035.0
DE0 D onwind,onwind,111.9549,DE0 D,,,2035.0
DE0 D solar,solar,365.408082,DE0 D,,,2035.0
DE0 E onwind,onwind,123.1806,DE0 E,,,2035.0
DE0 E solar,solar,303.64552,DE0 E,,,2035.0
DE0 F offwind-ac,offwind-ac,20.0,DE0 F,,,2035.0
DE0 F offwind-dc,offwind-dc,25.0,DE0 F,,,2035.0
DE0 F onwind,onwind,308.7509,DE0 F,,,2035.0
DE0 F solar,solar,501.435946,DE0 F,,,2035.0
DE0 G onwind,onwind,108.05,DE0 G,,,2035.0
DE0 G solar,solar,397.382212,DE0 G,,,2035.0
DE0 1 onwind,onwind,9.43257,DE0 1,,,2036.0
DE0 1 solar,solar,928.87136,DE0 1,,,2036.0
DE0 2 onwind,onwind,94.58647,DE0 2,,,2036.0
DE0 2 solar,solar,1516.838148,DE0 2,,,2036.0
DE0 4 onwind,onwind,112.275,DE0 4,,,2036.0
DE0 4 solar,solar,649.990734,DE0 4,,,2036.0
DE0 7 onwind,onwind,105.45052,DE0 7,,,2036.0
DE0 7 solar,solar,500.655824,DE0 7,,,2036.0
DE0 8 offwind-ac,offwind-ac,23.0,DE0 8,,,2036.0
DE0 8 offwind-dc,offwind-dc,25.3,DE0 8,,,2036.0
DE0 8 onwind,onwind,75.3445,DE0 8,,,2036.0
DE0 8 solar,solar,271.062798,DE0 8,,,2036.0
DE0 9 onwind,onwind,392.56255,DE0 9,,,2036.0
DE0 9 solar,solar,800.893373,DE0 9,,,2036.0
DE0 A onwind,onwind,148.11499999999998,DE0 A,,,2036.0
DE0 A solar,solar,812.353746,DE0 A,,,2036.0
DE0 B onwind,onwind,208.81875,DE0 B,,,2036.0
DE0 B solar,solar,260.430695,DE0 B,,,2036.0
DE0 C onwind,onwind,72.3,DE0 C,,,2036.0
DE0 C solar,solar,142.32576,DE0 C,,,2036.0
DE0 D onwind,onwind,74.2075,DE0 D,,,2036.0
DE0 D solar,solar,644.529253,DE0 D,,,2036.0
DE0 E onwind,onwind,142.61499999999998,DE0 E,,,2036.0
DE0 E solar,solar,510.484711,DE0 E,,,2036.0
DE0 F offwind-ac,offwind-ac,35.0,DE0 F,,,2036.0
DE0 F offwind-dc,offwind-dc,25.0,DE0 F,,,2036.0
DE0 F onwind,onwind,314.1027,DE0 F,,,2036.0
DE0 F solar,solar,472.174902,DE0 F,,,2036.0
DE0 G onwind,onwind,121.1885,DE0 G,,,2036.0
DE0 G solar,solar,452.095059,DE0 G,,,2036.0
DE0 1 onwind,onwind,19.409,DE0 1,,,2037.0
DE0 1 solar,solar,607.364971,DE0 1,,,2037.0
DE0 2 onwind,onwind,107.812585,DE0 2,,,2037.0
DE0 2 solar,solar,1182.125225,DE0 2,,,2037.0
DE0 4 onwind,onwind,182.87,DE0 4,,,2037.0
DE0 4 solar,solar,599.459199,DE0 4,,,2037.0
DE0 7 onwind,onwind,123.71725,DE0 7,,,2037.0
DE0 7 solar,solar,384.531945,DE0 7,,,2037.0
DE0 8 onwind,onwind,302.753,DE0 8,,,2037.0
DE0 8 solar,solar,426.058456,DE0 8,,,2037.0
DE0 9 onwind,onwind,256.775,DE0 9,,,2037.0
DE0 9 solar,solar,621.172335,DE0 9,,,2037.0
DE0 A onwind,onwind,180.6008,DE0 A,,,2037.0
DE0 A solar,solar,609.42008,DE0 A,,,2037.0
DE0 B onwind,onwind,280.9385,DE0 B,,,2037.0
DE0 B solar,solar,212.98231,DE0 B,,,2037.0
DE0 C onwind,onwind,33.6035,DE0 C,,,2037.0
DE0 C solar,solar,146.70277000000002,DE0 C,,,2037.0
DE0 D onwind,onwind,98.2377,DE0 D,,,2037.0
DE0 D solar,solar,602.42919,DE0 D,,,2037.0
DE0 E onwind,onwind,181.6208,DE0 E,,,2037.0
DE0 E solar,solar,592.058897,DE0 E,,,2037.0
DE0 F offwind-ac,offwind-ac,40.0,DE0 F,,,2037.0
DE0 F offwind-dc,offwind-dc,40.0,DE0 F,,,2037.0
DE0 F onwind,onwind,463.0123,DE0 F,,,2037.0
DE0 F solar,solar,355.958473,DE0 F,,,2037.0
DE0 G onwind,onwind,175.3018,DE0 G,,,2037.0
DE0 G solar,solar,491.00411,DE0 G,,,2037.0
DE0 1 onwind,onwind,34.548919999999995,DE0 1,,,2038.0
DE0 1 solar,solar,379.79733,DE0 1,,,2038.0
DE0 2 onwind,onwind,153.48239,DE0 2,,,2038.0
DE0 2 solar,solar,667.714644,DE0 2,,,2038.0
DE0 4 onwind,onwind,135.458,DE0 4,,,2038.0
DE0 4 solar,solar,145.007841,DE0 4,,,2038.0
DE0 7 onwind,onwind,255.54898,DE0 7,,,2038.0
DE0 7 solar,solar,230.656072,DE0 7,,,2038.0
DE0 8 onwind,onwind,419.81655,DE0 8,,,2038.0
DE0 8 solar,solar,195.560649,DE0 8,,,2038.0
DE0 9 onwind,onwind,287.958,DE0 9,,,2038.0
DE0 9 solar,solar,235.600676,DE0 9,,,2038.0
DE0 A onwind,onwind,239.7051,DE0 A,,,2038.0
DE0 A solar,solar,289.426688,DE0 A,,,2038.0
DE0 B onwind,onwind,390.8175,DE0 B,,,2038.0
DE0 B solar,solar,110.400735,DE0 B,,,2038.0
DE0 C onwind,onwind,57.4024,DE0 C,,,2038.0
DE0 C solar,solar,102.03948,DE0 C,,,2038.0
DE0 D onwind,onwind,75.4817,DE0 D,,,2038.0
DE0 D solar,solar,148.938776,DE0 D,,,2038.0
DE0 E onwind,onwind,207.601,DE0 E,,,2038.0
DE0 E solar,solar,227.80573,DE0 E,,,2038.0
DE0 F offwind-ac,offwind-ac,120.0,DE0 F,,,2038.0
DE0 F offwind-dc,offwind-dc,120.0,DE0 F,,,2038.0
DE0 F onwind,onwind,525.70637,DE0 F,,,2038.0
DE0 F solar,solar,124.445444,DE0 F,,,2038.0
DE0 G onwind,onwind,195.31738,DE0 G,,,2038.0
DE0 G solar,solar,265.374595,DE0 G,,,2038.0
DE0 1 onwind,onwind,26.026243,DE0 1,,,2039.0
DE0 1 solar,solar,248.967292,DE0 1,,,2039.0
DE0 2 onwind,onwind,260.6718,DE0 2,,,2039.0
DE0 2 solar,solar,327.361013,DE0 2,,,2039.0
DE0 4 onwind,onwind,308.96,DE0 4,,,2039.0
DE0 4 solar,solar,107.590414,DE0 4,,,2039.0
DE0 7 onwind,onwind,252.342,DE0 7,,,2039.0
DE0 7 solar,solar,123.829851,DE0 7,,,2039.0
DE0 8 onwind,onwind,361.145,DE0 8,,,2039.0
DE0 8 solar,solar,77.018302,DE0 8,,,2039.0
DE0 9 onwind,onwind,504.3055,DE0 9,,,2039.0
DE0 9 solar,solar,121.447471,DE0 9,,,2039.0
DE0 A onwind,onwind,254.0098,DE0 A,,,2039.0
DE0 A solar,solar,163.157831,DE0 A,,,2039.0
DE0 B onwind,onwind,361.9425,DE0 B,,,2039.0
DE0 B solar,solar,55.484745,DE0 B,,,2039.0
DE0 C onwind,onwind,107.2,DE0 C,,,2039.0
DE0 C solar,solar,61.90743,DE0 C,,,2039.0
DE0 D onwind,onwind,180.908,DE0 D,,,2039.0
DE0 D solar,solar,75.974397,DE0 D,,,2039.0
DE0 E onwind,onwind,256.325,DE0 E,,,2039.0
DE0 E solar,solar,164.617132,DE0 E,,,2039.0
DE0 F offwind-ac,offwind-ac,248.58,DE0 F,,,2039.0
DE0 F offwind-dc,offwind-dc,244.28,DE0 F,,,2039.0
DE0 F onwind,onwind,1420.7337,DE0 F,,,2039.0
DE0 F solar,solar,86.185046,DE0 F,,,2039.0
DE0 G onwind,onwind,358.96,DE0 G,,,2039.0
DE0 G solar,solar,132.246632,DE0 G,,,2039.0
DE0 1 onwind,onwind,107.70001,DE0 1,,,2040.0
DE0 1 solar,solar,160.990279,DE0 1,,,2040.0
DE0 2 onwind,onwind,250.84428,DE0 2,,,2040.0
DE0 2 solar,solar,206.792497,DE0 2,,,2040.0
DE0 4 onwind,onwind,202.806115,DE0 4,,,2040.0
DE0 4 solar,solar,63.770121,DE0 4,,,2040.0
DE0 7 onwind,onwind,236.1675,DE0 7,,,2040.0
DE0 7 solar,solar,120.035698,DE0 7,,,2040.0
DE0 8 offwind-ac,offwind-ac,151.20000000000002,DE0 8,,,2040.0
DE0 8 offwind-dc,offwind-dc,136.8,DE0 8,,,2040.0
DE0 8 onwind,onwind,189.497,DE0 8,,,2040.0
DE0 8 solar,solar,113.415494,DE0 8,,,2040.0
DE0 9 onwind,onwind,306.4926,DE0 9,,,2040.0
DE0 9 solar,solar,91.753911,DE0 9,,,2040.0
DE0 A onwind,onwind,338.9188,DE0 A,,,2040.0
DE0 A solar,solar,118.90567,DE0 A,,,2040.0
DE0 B onwind,onwind,277.755,DE0 B,,,2040.0
DE0 B solar,solar,54.92403,DE0 B,,,2040.0
DE0 C onwind,onwind,68.52499999999999,DE0 C,,,2040.0
DE0 C solar,solar,20.3639,DE0 C,,,2040.0
DE0 D onwind,onwind,279.175,DE0 D,,,2040.0
DE0 D solar,solar,107.506372,DE0 D,,,2040.0
DE0 E onwind,onwind,269.0,DE0 E,,,2040.0
DE0 E solar,solar,165.508279,DE0 E,,,2040.0
DE0 F offwind-ac,offwind-ac,1000.25,DE0 F,,,2040.0
DE0 F offwind-dc,offwind-dc,1007.21,DE0 F,,,2040.0
DE0 F onwind,onwind,1065.2202,DE0 F,,,2040.0
DE0 F solar,solar,43.245572,DE0 F,,,2040.0
DE0 G onwind,onwind,191.94368,DE0 G,,,2040.0
DE0 G solar,solar,131.594339,DE0 G,,,2040.0
DE0 1 onwind,onwind,250.7308,DE0 1,,,2041.0
DE0 1 solar,solar,144.735335,DE0 1,,,2041.0
DE0 2 onwind,onwind,292.21848,DE0 2,,,2041.0
DE0 2 solar,solar,186.012032,DE0 2,,,2041.0
DE0 4 onwind,onwind,366.8089,DE0 4,,,2041.0
DE0 4 solar,solar,147.155378,DE0 4,,,2041.0
DE0 7 onwind,onwind,306.407,DE0 7,,,2041.0
DE0 7 solar,solar,75.785044,DE0 7,,,2041.0
DE0 8 onwind,onwind,219.4522,DE0 8,,,2041.0
DE0 8 solar,solar,114.835482,DE0 8,,,2041.0
DE0 9 onwind,onwind,732.0529,DE0 9,,,2041.0
DE0 9 solar,solar,76.018009,DE0 9,,,2041.0
DE0 A onwind,onwind,485.6839,DE0 A,,,2041.0
DE0 A solar,solar,121.05101,DE0 A,,,2041.0
DE0 B onwind,onwind,208.435,DE0 B,,,2041.0
DE0 B solar,solar,78.52123,DE0 B,,,2041.0
DE0 C onwind,onwind,86.98,DE0 C,,,2041.0
DE0 C solar,solar,22.93173,DE0 C,,,2041.0
DE0 D onwind,onwind,141.7866,DE0 D,,,2041.0
DE0 D solar,solar,114.377822,DE0 D,,,2041.0
DE0 E onwind,onwind,283.22216,DE0 E,,,2041.0
DE0 E solar,solar,172.111592,DE0 E,,,2041.0
DE0 F offwind-ac,offwind-ac,426.672,DE0 F,,,2041.0
DE0 F offwind-dc,offwind-dc,428.736,DE0 F,,,2041.0
DE0 F onwind,onwind,839.707,DE0 F,,,2041.0
DE0 F solar,solar,58.642772,DE0 F,,,2041.0
DE0 G onwind,onwind,289.3301,DE0 G,,,2041.0
DE0 G solar,solar,160.679941,DE0 G,,,2041.0
DE0 1 onwind,onwind,351.316,DE0 1,,,2042.0
DE0 1 solar,solar,184.080379,DE0 1,,,2042.0
DE0 2 onwind,onwind,203.9328,DE0 2,,,2042.0
DE0 2 solar,solar,303.87121,DE0 2,,,2042.0
DE0 4 onwind,onwind,424.982,DE0 4,,,2042.0
DE0 4 solar,solar,92.268398,DE0 4,,,2042.0
DE0 7 onwind,onwind,319.75,DE0 7,,,2042.0
DE0 7 solar,solar,89.926103,DE0 7,,,2042.0
DE0 8 offwind-ac,offwind-ac,166.65,DE0 8,,,2042.0
DE0 8 offwind-dc,offwind-dc,186.85,DE0 8,,,2042.0
DE0 8 onwind,onwind,216.9035,DE0 8,,,2042.0
DE0 8 solar,solar,98.53317,DE0 8,,,2042.0
DE0 9 onwind,onwind,972.9356,DE0 9,,,2042.0
DE0 9 solar,solar,80.068205,DE0 9,,,2042.0
DE0 A onwind,onwind,784.9254999999999,DE0 A,,,2042.0
DE0 A solar,solar,144.447161,DE0 A,,,2042.0
DE0 B onwind,onwind,201.3708,DE0 B,,,2042.0
DE0 B solar,solar,37.59935,DE0 B,,,2042.0
DE0 C onwind,onwind,123.1,DE0 C,,,2042.0
DE0 C solar,solar,36.04093,DE0 C,,,2042.0
DE0 D onwind,onwind,110.803,DE0 D,,,2042.0
DE0 D solar,solar,88.650637,DE0 D,,,2042.0
DE0 E onwind,onwind,256.13,DE0 E,,,2042.0
DE0 E solar,solar,101.894157,DE0 E,,,2042.0
DE0 F offwind-ac,offwind-ac,461.4,DE0 F,,,2042.0
DE0 F offwind-dc,offwind-dc,438.0,DE0 F,,,2042.0
DE0 F onwind,onwind,1006.6415,DE0 F,,,2042.0
DE0 F solar,solar,62.357719,DE0 F,,,2042.0
DE0 G onwind,onwind,352.2325,DE0 G,,,2042.0
DE0 G solar,solar,95.355508,DE0 G,,,2042.0
DE0 1 onwind,onwind,72.31,DE0 1,,,2043.0
DE0 1 solar,solar,337.647007,DE0 1,,,2043.0
DE0 2 onwind,onwind,36.782,DE0 2,,,2043.0
DE0 2 solar,solar,533.524074,DE0 2,,,2043.0
DE0 4 onwind,onwind,183.025,DE0 4,,,2043.0
DE0 4 solar,solar,235.570865,DE0 4,,,2043.0
DE0 7 onwind,onwind,211.185,DE0 7,,,2043.0
DE0 7 solar,solar,150.102247,DE0 7,,,2043.0
DE0 8 onwind,onwind,160.05,DE0 8,,,2043.0
DE0 8 solar,solar,196.261488,DE0 8,,,2043.0
DE0 9 onwind,onwind,600.9098,DE0 9,,,2043.0
DE0 9 solar,solar,181.240653,DE0 9,,,2043.0
DE0 A onwind,onwind,353.011,DE0 A,,,2043.0
DE0 A solar,solar,245.405253,DE0 A,,,2043.0
DE0 B onwind,onwind,128.875,DE0 B,,,2043.0
DE0 B solar,solar,76.063012,DE0 B,,,2043.0
DE0 C onwind,onwind,94.8524,DE0 C,,,2043.0
DE0 C solar,solar,36.43661,DE0 C,,,2043.0
DE0 D onwind,onwind,87.965,DE0 D,,,2043.0
DE0 D solar,solar,220.568775,DE0 D,,,2043.0
DE0 E onwind,onwind,22.1,DE0 E,,,2043.0
DE0 E solar,solar,255.831864,DE0 E,,,2043.0
DE0 F offwind-ac,offwind-ac,481.4,DE0 F,,,2043.0
DE0 F offwind-dc,offwind-dc,493.4,DE0 F,,,2043.0
DE0 F onwind,onwind,233.3282,DE0 F,,,2043.0
DE0 F solar,solar,144.201164,DE0 F,,,2043.0
DE0 G onwind,onwind,142.50148000000002,DE0 G,,,2043.0
DE0 G solar,solar,234.234147,DE0 G,,,2043.0
DE0 1 onwind,onwind,24.3008,DE0 1,,,2044.0
DE0 1 solar,solar,404.593345,DE0 1,,,2044.0
DE0 2 onwind,onwind,10.4025,DE0 2,,,2044.0
DE0 2 solar,solar,559.13191,DE0 2,,,2044.0
DE0 4 onwind,onwind,59.45,DE0 4,,,2044.0
DE0 4 solar,solar,122.976884,DE0 4,,,2044.0
DE0 7 onwind,onwind,11.1,DE0 7,,,2044.0
DE0 7 solar,solar,206.390824,DE0 7,,,2044.0
DE0 8 onwind,onwind,89.0,DE0 8,,,2044.0
DE0 8 solar,solar,134.514613,DE0 8,,,2044.0
DE0 9 onwind,onwind,120.36,DE0 9,,,2044.0
DE0 9 solar,solar,287.786196,DE0 9,,,2044.0
DE0 A onwind,onwind,105.8,DE0 A,,,2044.0
DE0 A solar,solar,377.605838,DE0 A,,,2044.0
DE0 B onwind,onwind,96.45,DE0 B,,,2044.0
DE0 B solar,solar,80.2261275,DE0 B,,,2044.0
DE0 C onwind,onwind,26.35,DE0 C,,,2044.0
DE0 C solar,solar,43.885087,DE0 C,,,2044.0
DE0 D onwind,onwind,78.016,DE0 D,,,2044.0
DE0 D solar,solar,206.691244,DE0 D,,,2044.0
DE0 E onwind,onwind,36.37,DE0 E,,,2044.0
DE0 E solar,solar,221.231096,DE0 E,,,2044.0
DE0 F onwind,onwind,77.9615,DE0 F,,,2044.0
DE0 F solar,solar,132.49617,DE0 F,,,2044.0
DE0 G onwind,onwind,51.0308,DE0 G,,,2044.0
DE0 G solar,solar,265.060529,DE0 G,,,2044.0
